"Repo","Name","RelPath","SizeKB","Hint"
"_import_scans","AISA_System_Architecture_Diagram (1).png","_import_scans\Civium_20250820_014135\admin\inbox\GmailDump_20250811\originals\AISA_System_Architecture_Diagram (1).png","119.8","generic"
"_import_scans","AISA_System_Architecture_Diagram.png","_import_scans\Civium_20250820_014135\admin\inbox\GmailDump_20250811\originals\AISA_System_Architecture_Diagram.png","119.8","generic"
"_import_scans","Evomap_Mockup_v1.png","_import_scans\Civium_20250820_014135\projects\website\Evomap_Mockup_v1.png","1472.3","generic"
"_import_scans","PXL_20250805_191804037.jpg","_import_scans\Civium_20250820_014135\admin\inbox\GmailDump_20250811\originals\PXL_20250805_191804037.jpg","2201.1","generic"
"_import_scans","Logo_v1.png","_import_scans\Civium_20250820_014135\projects\website\Logo_v1.png","1072.4","name-match"
"$GH","cocivium_status_amber.svg","$GH\CoCache\docs\assets\brand\cocivium_status_amber.svg","0.3","folder-match"
"$GH","cocivium_status_gray.svg","$GH\CoCache\docs\assets\brand\cocivium_status_gray.svg","0.3","folder-match"
"$GH","cocivium_status_green.svg","$GH\CoCache\docs\assets\brand\cocivium_status_green.svg","0.3","folder-match"
"$GH","cocivium_status_red.svg","$GH\CoCache\docs\assets\brand\cocivium_status_red.svg","0.3","folder-match"
"$GH","7742cf74-8e06-4274-9a9b-849a38fc964c.png","$GH\CoCache\docs\advice_bombs\batch_20251014_124554\.39_Spanky_GVB_20251009_192232\payload\7742cf74-8e06-4274-9a9b-849a38fc964c.png","326.4","generic"
"$GH","cea73f29-eb48-49ff-8540-b35c569d1e96.png","$GH\CoCache\docs\advice_bombs\batch_20251014_124554\.39_Spanky_GVB_20251009_192232\payload\cea73f29-eb48-49ff-8540-b35c569d1e96.png","334.6","generic"
"$GH","heartbeat.fsMs.svg","$GH\CoCache\docs\assets\metrics\heartbeat.fsMs.svg","0.3","generic"
"$GH","OldeVillagePeople.png","$GH\CoCache\docs\advice_bombs\batch_20251014_124554\.39_Spanky_GVB_20251009_192232\payload\OldeVillagePeople.png","1629.7","generic"
"$GH","quad.svg","$GH\CoCache\docs\advice_bombs\batch_20251014_124554\.19_Spanky_CPDA-CADI_20251008_225001\payload\cadi\docs\assets\quad.svg","1.1","generic"
"$GH","quadrant-plot.svg","$GH\CoCache\docs\advice_bombs\batch_20251014_124554\.19_Spanky_CPDA-CADI_20251008_225001\payload\cpda\docs\assets\quadrant-plot.svg","1.1","generic"
"$GH","radar-readiness.svg","$GH\CoCache\docs\advice_bombs\batch_20251014_124554\.19_Spanky_CPDA-CADI_20251008_225001\payload\cpda\docs\assets\radar-readiness.svg","1.1","generic"
"$GH","radar.svg","$GH\CoCache\docs\advice_bombs\batch_20251014_124554\.19_Spanky_CPDA-CADI_20251008_225001\payload\cadi\docs\assets\radar.svg","1.1","generic"
"$GH","cocivium_logo_amber_tm.svg","$GH\CoCache\docs\assets\brand\cocivium_logo_amber_tm.svg","0.3","name-match"
"$GH","cocivium_logo_amber.svg","$GH\CoCache\docs\assets\brand\cocivium_logo_amber.svg","0.3","name-match"
"$GH","cocivium_logo_gray_tm.svg","$GH\CoCache\docs\assets\brand\cocivium_logo_gray_tm.svg","0.3","name-match"
"$GH","cocivium_logo_gray.svg","$GH\CoCache\docs\assets\brand\cocivium_logo_gray.svg","0.3","name-match"
"$GH","cocivium_logo_green_tm.svg","$GH\CoCache\docs\assets\brand\cocivium_logo_green_tm.svg","0.3","name-match"
"$GH","cocivium_logo_green.svg","$GH\CoCache\docs\assets\brand\cocivium_logo_green.svg","0.3","name-match"
"$GH","cocivium_logo_red_tm.svg","$GH\CoCache\docs\assets\brand\cocivium_logo_red_tm.svg","0.3","name-match"
"$GH","cocivium_logo_red.svg","$GH\CoCache\docs\assets\brand\cocivium_logo_red.svg","0.3","name-match"
"$GH","InSeed_Logo_Shadow.png","$GH\CoCache\advice-bombs\extracted\Desktop_Roundup_20251017_110528\InSeed_Logo_Shadow.png","6.8","name-match"
"$GH","InSeed_Logo_Shadow.png","$GH\CoCache\advice-bombs\extracted\Desktop_Roundup_20251017_105715\InSeed_Logo_Shadow.png","6.8","name-match"
"AmpliPi","after_mk.PNG","AmpliPi\docs\imgs\app_demos\load_preset\after_mk.PNG","261.8","generic"
"AmpliPi","amplipi_320x126.png","AmpliPi\amplipi\display\imgs\amplipi_320x126.png","11.2","generic"
"AmpliPi","amplipi_banner_black.png","AmpliPi\web\static\imgs\amplipi_banner_black.png","57.8","generic"
"AmpliPi","amplipi_banner_white.png","AmpliPi\web\static\imgs\amplipi_banner_white.png","82.8","generic"
"AmpliPi","api_addstream.jpg","AmpliPi\docs\imgs\api_addstream.jpg","35.1","generic"
"AmpliPi","api.jpg","AmpliPi\docs\imgs\api.jpg","11.4","generic"
"AmpliPi","backpanel.png","AmpliPi\docs\imgs\backpanel.png","1649.6","generic"
"AmpliPi","before_pst_expand.PNG","AmpliPi\docs\imgs\app_demos\load_preset\before_pst_expand.PNG","314.8","generic"
"AmpliPi","clone_folder.jpg","AmpliPi\docs\imgs\remote_dev\clone_folder.jpg","9.5","generic"
"AmpliPi","controller_boards_diagram.drawio.svg","AmpliPi\hw\diagrams\controller_boards_diagram.drawio.svg","156.6","generic"
"AmpliPi","debug_config1.jpg","AmpliPi\docs\imgs\debug_config1.jpg","97.6","generic"
"AmpliPi","debug_config2.jpg","AmpliPi\docs\imgs\debug_config2.jpg","112.6","generic"
"AmpliPi","debug_config3.jpg","AmpliPi\docs\imgs\debug_config3.jpg","106.2","generic"
"AmpliPi","debug_config4.jpg","AmpliPi\docs\imgs\debug_config4.jpg","105.5","generic"
"AmpliPi","disconnected.png","AmpliPi\web\static\imgs\disconnected.png","4.5","generic"
"AmpliPi","dlna.png","AmpliPi\web\static\imgs\dlna.png","44.6","generic"
"AmpliPi","expander_boards_diagram.drawio.svg","AmpliPi\hw\diagrams\expander_boards_diagram.drawio.svg","129.8","generic"
"AmpliPi","extension.jpg","AmpliPi\docs\imgs\remote_dev\extension.jpg","14.7","generic"
"AmpliPi","fa-regular-400.svg","AmpliPi\web\static\css\libs\font-awesome\webfonts\fa-regular-400.svg","142.1","generic"
"AmpliPi","fa-regular-400.svg","AmpliPi\amplipi\updater\static\css\libs\font-awesome\webfonts\fa-regular-400.svg","142.1","generic"
"AmpliPi","fa-solid-900.svg","AmpliPi\web\static\css\libs\font-awesome\webfonts\fa-solid-900.svg","901","generic"
"AmpliPi","fa-solid-900.svg","AmpliPi\amplipi\updater\static\css\libs\font-awesome\webfonts\fa-solid-900.svg","901","generic"
"AmpliPi","fmradio.png","AmpliPi\web\static\imgs\fmradio.png","10.1","generic"
"AmpliPi","git_clone.jpg","AmpliPi\docs\imgs\remote_dev\git_clone.jpg","17.2","generic"
"AmpliPi","green_button.jpg","AmpliPi\docs\imgs\remote_dev\green_button.jpg","11.7","generic"
"AmpliPi","IMG_0030.png","AmpliPi\docs\imgs\app_demos\expand_group_and_change_vols\IMG_0030.png","340.6","generic"
"AmpliPi","IMG_0031.png","AmpliPi\docs\imgs\app_demos\expand_group_and_change_vols\IMG_0031.png","324.2","generic"
"AmpliPi","IMG_0032.png","AmpliPi\docs\imgs\app_demos\expand_group_and_change_vols\IMG_0032.png","324.3","generic"
"AmpliPi","IMG_0033.png","AmpliPi\docs\imgs\app_demos\expand_group_and_change_vols\IMG_0033.png","324.3","generic"
"AmpliPi","IMG_0034.png","AmpliPi\docs\imgs\app_demos\expand_group_and_change_vols\IMG_0034.png","324.6","generic"
"AmpliPi","IMG_0035.png","AmpliPi\docs\imgs\app_demos\expand_group_and_change_vols\IMG_0035.png","324.6","generic"
"AmpliPi","IMG_0036.png","AmpliPi\docs\imgs\app_demos\expand_group_and_change_vols\IMG_0036.png","324.6","generic"
"AmpliPi","IMG_0037.png","AmpliPi\docs\imgs\app_demos\expand_group_and_change_vols\IMG_0037.png","324.6","generic"
"AmpliPi","IMG_0038.png","AmpliPi\docs\imgs\app_demos\expand_group_and_change_vols\IMG_0038.png","324.6","generic"
"AmpliPi","IMG_0039.png","AmpliPi\docs\imgs\app_demos\expand_group_and_change_vols\IMG_0039.png","220.6","generic"
"AmpliPi","IMG_0048.png","AmpliPi\docs\imgs\app_demos\change_source\IMG_0048.png","230.6","generic"
"AmpliPi","IMG_0049.png","AmpliPi\docs\imgs\app_demos\change_source\IMG_0049.png","273.6","generic"
"AmpliPi","IMG_0050.png","AmpliPi\docs\imgs\app_demos\change_source\IMG_0050.png","268.5","generic"
"AmpliPi","IMG_0051.png","AmpliPi\docs\imgs\app_demos\change_source\IMG_0051.png","259.8","generic"
"AmpliPi","IMG_0052.png","AmpliPi\docs\imgs\app_demos\change_source\IMG_0052.png","250.9","generic"
"AmpliPi","IMG_0053.png","AmpliPi\docs\imgs\app_demos\change_source\IMG_0053.png","229.2","generic"
"AmpliPi","IMG_0054.png","AmpliPi\docs\imgs\app_demos\change_source\IMG_0054.png","297.8","generic"
"AmpliPi","IMG_0057.png","AmpliPi\docs\imgs\app_demos\add_group_to_source\IMG_0057.png","313.9","generic"
"AmpliPi","IMG_0058.png","AmpliPi\docs\imgs\app_demos\add_group_to_source\IMG_0058.png","224","generic"
"AmpliPi","IMG_0059.png","AmpliPi\docs\imgs\app_demos\add_group_to_source\IMG_0059.png","232.6","generic"
"AmpliPi","IMG_0060.png","AmpliPi\docs\imgs\app_demos\add_group_to_source\IMG_0060.png","238.1","generic"
"AmpliPi","IMG_0061.png","AmpliPi\docs\imgs\app_demos\add_group_to_source\IMG_0061.png","311.7","generic"
"AmpliPi","IMG_0062.png","AmpliPi\docs\imgs\app_demos\add_group_to_source\IMG_0062.png","307.6","generic"
"AmpliPi","IMG_0063.png","AmpliPi\docs\imgs\app_demos\add_group_to_source\IMG_0063.png","311.5","generic"
"AmpliPi","internals_photo_labelled.drawio.svg","AmpliPi\hw\diagrams\internals_photo_labelled.drawio.svg","1425.6","generic"
"AmpliPi","micronova_320x240.png","AmpliPi\amplipi\display\imgs\micronova_320x240.png","13.8","generic"
"AmpliPi","micronova-square.png","AmpliPi\web\static\imgs\micronova-square.png","52.1","generic"
"AmpliPi","micronova-white-on-black.png","AmpliPi\web\static\imgs\micronova-white-on-black.png","26.8","generic"
"AmpliPi","pandora.png","AmpliPi\web\static\imgs\pandora.png","20.9","generic"
"AmpliPi","pane.jpg","AmpliPi\docs\imgs\remote_dev\pane.jpg","17","generic"
"AmpliPi","pi_folders.jpg","AmpliPi\docs\imgs\remote_dev\pi_folders.jpg","15.1","generic"
"AmpliPi","Plexamp_Auth_button.jpg","AmpliPi\docs\imgs\Plexamp_Auth_button.jpg","33.6","generic"
"AmpliPi","Plexamp_sign_in.jpg","AmpliPi\docs\imgs\Plexamp_sign_in.jpg","50.4","generic"
"AmpliPi","plexamp.png","AmpliPi\web\static\imgs\plexamp.png","70.5","generic"
"AmpliPi","PreampIDE_Options.jpg","AmpliPi\docs\imgs\PreampIDE_Options.jpg","10.7","generic"
"AmpliPi","pst_check_done.PNG","AmpliPi\docs\imgs\app_demos\load_preset\pst_check_done.PNG","364.8","generic"
"AmpliPi","pst_done_update.PNG","AmpliPi\docs\imgs\app_demos\load_preset\pst_done_update.PNG","364.1","generic"
"AmpliPi","pst_expand.PNG","AmpliPi\docs\imgs\app_demos\load_preset\pst_expand.PNG","357.7","generic"
"AmpliPi","rca_inputs.jpg","AmpliPi\web\static\imgs\rca_inputs.jpg","7","generic"
"AmpliPi","rca_inputs.svg","AmpliPi\web\static\imgs\rca_inputs.svg","3.5","generic"
"AmpliPi","rear_panel_labelled.drawio.svg","AmpliPi\hw\diagrams\rear_panel_labelled.drawio.svg","2265","generic"
"AmpliPi","repo_in_vscode.jpg","AmpliPi\docs\imgs\remote_dev\repo_in_vscode.jpg","26.7","generic"
"AmpliPi","reset.jpg","AmpliPi\docs\imgs\reset.jpg","13.5","generic"
"AmpliPi","rest_api_overview.svg","AmpliPi\docs\imgs\rest_api_overview.svg","362.6","generic"
"AmpliPi","shairport.png","AmpliPi\web\static\imgs\shairport.png","7","generic"
"AmpliPi","signal_diagram.drawio.svg","AmpliPi\hw\diagrams\signal_diagram.drawio.svg","4121.7","generic"
"AmpliPi","speaker_wire_to_pheonix.jpg","AmpliPi\docs\imgs\speaker_wire_to_pheonix.jpg","278.8","generic"
"AmpliPi","spotify.png","AmpliPi\web\static\imgs\spotify.png","13.3","generic"
"AmpliPi","ssh_plusadd.jpg","AmpliPi\docs\imgs\remote_dev\ssh_plusadd.jpg","11.3","generic"
"AmpliPi","terminal_repo.jpg","AmpliPi\docs\imgs\remote_dev\terminal_repo.jpg","5.1","generic"
"AmpliPi","try.jpg","AmpliPi\docs\imgs\try.jpg","10.2","generic"
"AmpliPi","vs_explorer.jpg","AmpliPi\docs\imgs\remote_dev\vs_explorer.jpg","23","generic"
"AmpliPi","zone_speaker_connection.svg","AmpliPi\docs\imgs\zone_speaker_connection.svg","8.5","generic"
"AmpliPi","amplipi_icon_black.png","AmpliPi\web\static\imgs\amplipi_icon_black.png","62","name-match"
"AmpliPi","amplipi_icon_white.png","AmpliPi\web\static\imgs\amplipi_icon_white.png","86.9","name-match"
"AmpliPi","amplipi-small-logo.png","AmpliPi\amplipi\updater\static\imgs\amplipi-small-logo.png","6.8","name-match"
"AmpliPi","amplipi-small-logo.png","AmpliPi\web\static\imgs\amplipi-small-logo.png","6.8","name-match"
"AmpliPi","fa-brands-400.svg","AmpliPi\web\static\css\libs\font-awesome\webfonts\fa-brands-400.svg","733.7","name-match"
"AmpliPi","fa-brands-400.svg","AmpliPi\amplipi\updater\static\css\libs\font-awesome\webfonts\fa-brands-400.svg","733.7","name-match"
"Civium","AISA_System_Architecture_Diagram (1).png","Civium\admin\inbox\GmailDump_20250811\originals\AISA_System_Architecture_Diagram (1).png","119.8","generic"
"Civium","AISA_System_Architecture_Diagram.png","Civium\admin\inbox\GmailDump_20250811\originals\AISA_System_Architecture_Diagram.png","119.8","generic"
"Civium","Evomap_Mockup_v1.png","Civium\projects\website\Evomap_Mockup_v1.png","1472.3","generic"
"Civium","PXL_20250805_191804037.jpg","Civium\admin\inbox\GmailDump_20250811\originals\PXL_20250805_191804037.jpg","2201.1","generic"
"Civium","Logo_v1.png","Civium\projects\website\Logo_v1.png","1072.4","name-match"
"Civium-Constitution","connectome_repo_map_v0.1.png","Civium-Constitution\meta\deprecated\origins\meta\connectome_repo_map_v0.1.png","1249.3","generic"
"Civium-Constitution","scroll_dependency_map.png","Civium-Constitution\maps\scroll_dependency_map.png","278.8","generic"
"Civium-Constitution","scroll_dependency_map.png","Civium-Constitution\meta\deprecated\scrolls\scroll_dependency_map.png","278.8","generic"
"Civium-Constitution","thinking_constitution.svg","Civium-Constitution\maps\thinking_constitution.svg","0.1","generic"
"CoAgent","favicon.ico","CoAgent\app\assets\favicon.ico","0.1","name-match"
"CoAgent","logo.png","CoAgent\app\assets\logo.png","0.1","name-match"
"CoArena","cocivium_status_amber.svg","CoArena\docs\assets\brand\cocivium_status_amber.svg","0.3","folder-match"
"CoArena","cocivium_status_gray.svg","CoArena\docs\assets\brand\cocivium_status_gray.svg","0.3","folder-match"
"CoArena","cocivium_status_green.svg","CoArena\docs\assets\brand\cocivium_status_green.svg","0.3","folder-match"
"CoArena","cocivium_status_red.svg","CoArena\docs\assets\brand\cocivium_status_red.svg","0.3","folder-match"
"CoArena","7742cf74-8e06-4274-9a9b-849a38fc964c.png","CoArena\docs\advice_bombs\batch_20251014_124554\.39_Spanky_GVB_20251009_192232\payload\7742cf74-8e06-4274-9a9b-849a38fc964c.png","326.4","generic"
"CoArena","cea73f29-eb48-49ff-8540-b35c569d1e96.png","CoArena\docs\advice_bombs\batch_20251014_124554\.39_Spanky_GVB_20251009_192232\payload\cea73f29-eb48-49ff-8540-b35c569d1e96.png","334.6","generic"
"CoArena","heartbeat.fsMs.svg","CoArena\docs\assets\metrics\heartbeat.fsMs.svg","0.3","generic"
"CoArena","OldeVillagePeople.png","CoArena\docs\advice_bombs\batch_20251014_124554\.39_Spanky_GVB_20251009_192232\payload\OldeVillagePeople.png","1629.7","generic"
"CoArena","quad.svg","CoArena\docs\advice_bombs\batch_20251014_124554\.19_Spanky_CPDA-CADI_20251008_225001\payload\cadi\docs\assets\quad.svg","1.1","generic"
"CoArena","quadrant-plot.svg","CoArena\docs\advice_bombs\batch_20251014_124554\.19_Spanky_CPDA-CADI_20251008_225001\payload\cpda\docs\assets\quadrant-plot.svg","1.1","generic"
"CoArena","radar-readiness.svg","CoArena\docs\advice_bombs\batch_20251014_124554\.19_Spanky_CPDA-CADI_20251008_225001\payload\cpda\docs\assets\radar-readiness.svg","1.1","generic"
"CoArena","radar.svg","CoArena\docs\advice_bombs\batch_20251014_124554\.19_Spanky_CPDA-CADI_20251008_225001\payload\cadi\docs\assets\radar.svg","1.1","generic"
"CoArena","req-resp-map.svg","CoArena\web\public\diagrams\req-resp-map.svg","0.9","generic"
"CoArena","cocivium_logo_amber_tm.svg","CoArena\docs\assets\brand\cocivium_logo_amber_tm.svg","0.3","name-match"
"CoArena","cocivium_logo_amber.svg","CoArena\docs\assets\brand\cocivium_logo_amber.svg","0.3","name-match"
"CoArena","cocivium_logo_gray_tm.svg","CoArena\docs\assets\brand\cocivium_logo_gray_tm.svg","0.3","name-match"
"CoArena","cocivium_logo_gray.svg","CoArena\docs\assets\brand\cocivium_logo_gray.svg","0.3","name-match"
"CoArena","cocivium_logo_green_tm.svg","CoArena\docs\assets\brand\cocivium_logo_green_tm.svg","0.3","name-match"
"CoArena","cocivium_logo_green.svg","CoArena\docs\assets\brand\cocivium_logo_green.svg","0.3","name-match"
"CoArena","cocivium_logo_red_tm.svg","CoArena\docs\assets\brand\cocivium_logo_red_tm.svg","0.3","name-match"
"CoArena","cocivium_logo_red.svg","CoArena\docs\assets\brand\cocivium_logo_red.svg","0.3","name-match"
"CoCache","cocivium_status_amber.svg","CoCache\docs\assets\brand\cocivium_status_amber.svg","0.3","folder-match"
"CoCache","cocivium_status_gray.svg","CoCache\docs\assets\brand\cocivium_status_gray.svg","0.3","folder-match"
"CoCache","cocivium_status_green.svg","CoCache\docs\assets\brand\cocivium_status_green.svg","0.3","folder-match"
"CoCache","cocivium_status_red.svg","CoCache\docs\assets\brand\cocivium_status_red.svg","0.3","folder-match"
"CoCache","7742cf74-8e06-4274-9a9b-849a38fc964c.png","CoCache\docs\advice_bombs\batch_20251014_124554\.39_Spanky_GVB_20251009_192232\payload\7742cf74-8e06-4274-9a9b-849a38fc964c.png","326.4","generic"
"CoCache","cea73f29-eb48-49ff-8540-b35c569d1e96.png","CoCache\docs\advice_bombs\batch_20251014_124554\.39_Spanky_GVB_20251009_192232\payload\cea73f29-eb48-49ff-8540-b35c569d1e96.png","334.6","generic"
"CoCache","heartbeat.fsMs.svg","CoCache\docs\assets\metrics\heartbeat.fsMs.svg","0.3","generic"
"CoCache","OldeVillagePeople.png","CoCache\docs\advice_bombs\batch_20251014_124554\.39_Spanky_GVB_20251009_192232\payload\OldeVillagePeople.png","1629.7","generic"
"CoCache","quad.svg","CoCache\docs\advice_bombs\batch_20251014_124554\.19_Spanky_CPDA-CADI_20251008_225001\payload\cadi\docs\assets\quad.svg","1.1","generic"
"CoCache","quadrant-plot.svg","CoCache\docs\advice_bombs\batch_20251014_124554\.19_Spanky_CPDA-CADI_20251008_225001\payload\cpda\docs\assets\quadrant-plot.svg","1.1","generic"
"CoCache","radar-readiness.svg","CoCache\docs\advice_bombs\batch_20251014_124554\.19_Spanky_CPDA-CADI_20251008_225001\payload\cpda\docs\assets\radar-readiness.svg","1.1","generic"
"CoCache","radar.svg","CoCache\docs\advice_bombs\batch_20251014_124554\.19_Spanky_CPDA-CADI_20251008_225001\payload\cadi\docs\assets\radar.svg","1.1","generic"
"CoCache","cocivium_logo_amber_tm.svg","CoCache\docs\assets\brand\cocivium_logo_amber_tm.svg","0.3","name-match"
"CoCache","cocivium_logo_amber.svg","CoCache\docs\assets\brand\cocivium_logo_amber.svg","0.3","name-match"
"CoCache","cocivium_logo_gray_tm.svg","CoCache\docs\assets\brand\cocivium_logo_gray_tm.svg","0.3","name-match"
"CoCache","cocivium_logo_gray.svg","CoCache\docs\assets\brand\cocivium_logo_gray.svg","0.3","name-match"
"CoCache","cocivium_logo_green_tm.svg","CoCache\docs\assets\brand\cocivium_logo_green_tm.svg","0.3","name-match"
"CoCache","cocivium_logo_green.svg","CoCache\docs\assets\brand\cocivium_logo_green.svg","0.3","name-match"
"CoCache","cocivium_logo_red_tm.svg","CoCache\docs\assets\brand\cocivium_logo_red_tm.svg","0.3","name-match"
"CoCache","cocivium_logo_red.svg","CoCache\docs\assets\brand\cocivium_logo_red.svg","0.3","name-match"
"CoCache","InSeed_Logo_Shadow.png","CoCache\advice-bombs\extracted\Desktop_Roundup_20251017_110528\InSeed_Logo_Shadow.png","6.8","name-match"
"CoCache","InSeed_Logo_Shadow.png","CoCache\advice-bombs\extracted\Desktop_Roundup_20251017_105715\InSeed_Logo_Shadow.png","6.8","name-match"
"CoCivium","broken-line.svg","CoCivium\assets\icons\broken-line.svg","0.5","folder-match"
"CoCivium","build.svg","CoCivium\assets\badges\build.svg","0.4","folder-match"
"CoCivium","coevolve-line.svg","CoCivium\assets\icons\coevolve-line.svg","0.6","folder-match"
"CoCivium","docs.svg","CoCivium\assets\badges\docs.svg","0.4","folder-match"
"CoCivium","fatal.svg","CoCivium\docs\assets\branding\cobloat\fatal.svg","0.1","folder-match"
"CoCivium","feels-line.svg","CoCivium\assets\icons\feels-line.svg","0.7","folder-match"
"CoCivium","for-you-line.svg","CoCivium\assets\icons\for-you-line.svg","0.9","folder-match"
"CoCivium","governments-line.svg","CoCivium\assets\icons\governments-line.svg","1.1","folder-match"
"CoCivium","hard.svg","CoCivium\docs\assets\branding\cobloat\hard.svg","0.1","folder-match"
"CoCivium","how-line.svg","CoCivium\assets\icons\how-line.svg","0.5","folder-match"
"CoCivium","license.svg","CoCivium\assets\badges\license.svg","0.4","folder-match"
"CoCivium","life-line.svg","CoCivium\assets\icons\life-line.svg","1","folder-match"
"CoCivium","ok.svg","CoCivium\docs\assets\branding\cobloat\ok.svg","0.1","folder-match"
"CoCivium","soft.svg","CoCivium\docs\assets\branding\cobloat\soft.svg","0.1","folder-match"
"CoCivium","solutions-line.svg","CoCivium\assets\icons\solutions-line.svg","0.8","folder-match"
"CoCivium","unknown.svg","CoCivium\docs\assets\branding\cobloat\unknown.svg","0.1","folder-match"
"CoCivium","until-line.svg","CoCivium\assets\icons\until-line.svg","0.9","folder-match"
"CoCivium","who-line.svg","CoCivium\assets\icons\who-line.svg","0.5","folder-match"
"CoCivium","why-line.svg","CoCivium\assets\icons\why-line.svg","0.6","folder-match"
"CoCivium","agent.svg","CoCivium\site\assets\gib\agent.svg","0.3","generic"
"CoCivium","AISA_System_Architecture_Diagram (1).png","CoCivium\legacy\Civium\admin\inbox\GmailDump_20250811\originals\AISA_System_Architecture_Diagram (1).png","119.8","generic"
"CoCivium","AISA_System_Architecture_Diagram (1).png","CoCivium\legacy\CoCivium\_pr\ci_og-image-20250813_2231\legacy\Civium\admin\inbox\GmailDump_20250811\originals\AISA_System_Architecture_Diagram (1).png","119.8","generic"
"CoCivium","AISA_System_Architecture_Diagram.png","CoCivium\legacy\CoCivium\_pr\ci_og-image-20250813_2231\legacy\Civium\admin\inbox\GmailDump_20250811\originals\AISA_System_Architecture_Diagram.png","119.8","generic"
"CoCivium","AISA_System_Architecture_Diagram.png","CoCivium\legacy\Civium\admin\inbox\GmailDump_20250811\originals\AISA_System_Architecture_Diagram.png","119.8","generic"
"CoCivium","asset-graph-map.svg","CoCivium\docs\diagrams\_previews\render\asset-graph-map.svg","6.9","generic"
"CoCivium","bio_vs_synth_observers_c1_20250809.svg","CoCivium\assets\diagrams\bio_vs_synth_observers_c1_20250809.svg","2.2","generic"
"CoCivium","bio_vs_synth_observers_c1_20250809.svg","CoCivium\legacy\CoCivium\_pr\ci_og-image-20250813_2231\assets\diagrams\bio_vs_synth_observers_c1_20250809.svg","2.2","generic"
"CoCivium","blank-1x1.png","CoCivium\docs\diagrams\assets\blank-1x1.png","0.1","generic"
"CoCivium","cc-crest.png","CoCivium\assets\cc\cc-crest.png","18.3","generic"
"CoCivium","cc-crest.svg","CoCivium\assets\cc\cc-crest.svg","0.2","generic"
"CoCivium","Circumplex-model-of-affect-spanned-by-valence-and-arousal-dimensions-Inner-circle-shows.png","CoCivium\docs\history\LeastAmongUs\canonicals\v1\images\Circumplex-model-of-affect-spanned-by-valence-and-arousal-dimensions-Inner-circle-shows.png","41.5","generic"
"CoCivium","Circumplex-model-of-affect-spanned-by-valence-and-arousal-dimensions-Inner-circle-shows.png","CoCivium\docs\history\LeastAmongUs\Circumplex-model-of-affect-spanned-by-valence-and-arousal-dimensions-Inner-circle-shows.png","41.5","generic"
"CoCivium","co-loop.svg","CoCivium\docs\diagrams\co-loop.svg","1","generic"
"CoCivium","CoAgency-Visual-Core.png","CoCivium\insights\CoAgency\CoAgency-Visual-Core.png","141.8","generic"
"CoCivium","CoAgency-Visual-Core.svg","CoCivium\insights\CoAgency\CoAgency-Visual-Core.svg","45.3","generic"
"CoCivium","CoAgency-Visual-Orbits.png","CoCivium\insights\CoAgency\CoAgency-Visual-Orbits.png","192","generic"
"CoCivium","CoAgency-Visual-Orbits.svg","CoCivium\insights\CoAgency\CoAgency-Visual-Orbits.svg","47.9","generic"
"CoCivium","cognocarta_4k_wallpaper.jpg","CoCivium\site\assets\cognocarta_4k_wallpaper.jpg","398.2","generic"
"CoCivium","cognocarta_scroll_og.jpg","CoCivium\site\assets\cognocarta_scroll_og.jpg","65.8","generic"
"CoCivium","cognocarta_scroll_og.png","CoCivium\site\assets\cognocarta_scroll_og.png","381.3","generic"
"CoCivium","cognocarta_scroll_og.svg","CoCivium\site\assets\cognocarta_scroll_og.svg","3.5","generic"
"CoCivium","cognocarta_tile_chip_og.png","CoCivium\site\assets\cognocarta_tile_chip_og.png","60.1","generic"
"CoCivium","cognocarta_tile_chip_og.svg","CoCivium\site\assets\cognocarta_tile_chip_og.svg","4.2","generic"
"CoCivium","cognocarta-scroll.svg","CoCivium\legacy\CoCivium\_pr\ci_og-image-20250813_2231\assets\cognocarta-scroll.svg","1","generic"
"CoCivium","cognocarta-scroll.svg","CoCivium\assets\cognocarta-scroll.svg","1","generic"
"CoCivium","commons.svg","CoCivium\site\assets\gib\commons.svg","0.4","generic"
"CoCivium","concord.svg","CoCivium\site\assets\gib\concord.svg","0.3","generic"
"CoCivium","consent.svg","CoCivium\site\assets\gib\consent.svg","0.3","generic"
"CoCivium","consenti_og.png","CoCivium\site\assets\consenti_og.png","118.3","generic"
"CoCivium","consenti_og.svg","CoCivium\site\assets\consenti_og.svg","2.6","generic"
"CoCivium","covenant.svg","CoCivium\site\assets\gib\covenant.svg","0.3","generic"
"CoCivium","credibility_eye.svg","CoCivium\docs\img\credibility_eye.svg","0.6","generic"
"CoCivium","engagement-ladder.svg","CoCivium\docs\diagrams\engagement-ladder.svg","1.1","generic"
"CoCivium","evidence.svg","CoCivium\site\assets\gib\evidence.svg","0.3","generic"
"CoCivium","Evomap_Mockup_v1.png","CoCivium\projects\website\Evomap_Mockup_v1.png","1472.3","generic"
"CoCivium","Evomap_Mockup_v1.png","CoCivium\legacy\Civium\projects\website\Evomap_Mockup_v1.png","1472.3","generic"
"CoCivium","Evomap_Mockup_v1.png","CoCivium\legacy\CoCivium\_pr\ci_og-image-20250813_2231\legacy\Civium\projects\website\Evomap_Mockup_v1.png","1472.3","generic"
"CoCivium","forkrejoin.svg","CoCivium\site\assets\gib\forkrejoin.svg","0.3","generic"
"CoCivium","gvb_table.png","CoCivium\insights\images\gvb_table.png","53","generic"
"CoCivium","hero_global_village_buyback.jpg","CoCivium\insights\images\hero_global_village_buyback.jpg","0","generic"
"CoCivium","hero_global_village_buyback.png","CoCivium\insights\images\hero_global_village_buyback.png","1629.7","generic"
"CoCivium","hero.jpg","CoCivium\assets\hero\hero.jpg","98.2","generic"
"CoCivium","intake-to-inbox-map.svg","CoCivium\docs\diagrams\_previews\advicebomb\intake-to-inbox-map.svg","11.6","generic"
"CoCivium","interop.svg","CoCivium\site\assets\gib\interop.svg","0.3","generic"
"CoCivium","metrics.svg","CoCivium\site\eyes\metrics.svg","0.7","generic"
"CoCivium","mission_eye.svg","CoCivium\docs\img\mission_eye.svg","0.9","generic"
"CoCivium","oath.svg","CoCivium\site\assets\gib\oath.svg","0.3","generic"
"CoCivium","og-banner.svg","CoCivium\legacy\CoCivium\_pr\ci_og-image-20250813_2231\assets\og-banner.svg","0.9","generic"
"CoCivium","one-week-microproject.svg","CoCivium\docs\diagrams\one-week-microproject.svg","0.9","generic"
"CoCivium","pluralism.svg","CoCivium\site\assets\gib\pluralism.svg","0.3","generic"
"CoCivium","progress_map_thumb_v1_1.svg","CoCivium\legacy\CoCivium\_pr\ci_og-image-20250813_2231\site\assets\progress_map_thumb_v1_1.svg","20","generic"
"CoCivium","progress_map_thumb_v1_1.svg","CoCivium\site\assets\progress_map_thumb_v1_1.svg","20","generic"
"CoCivium","progress_map_v0.svg","CoCivium\legacy\CoCivium\_pr\ci_og-image-20250813_2231\site\assets\progress_map_v0.svg","20","generic"
"CoCivium","progress_map_v0.svg","CoCivium\site\assets\progress_map_v0.svg","20","generic"
"CoCivium","PXL_20250805_191804037.jpg","CoCivium\legacy\CoCivium\_pr\ci_og-image-20250813_2231\legacy\Civium\admin\inbox\GmailDump_20250811\originals\PXL_20250805_191804037.jpg","2201.1","generic"
"CoCivium","PXL_20250805_191804037.jpg","CoCivium\legacy\Civium\admin\inbox\GmailDump_20250811\originals\PXL_20250805_191804037.jpg","2201.1","generic"
"CoCivium","quote-960w.png","CoCivium\assets\hero\quote-960w.png","28.5","generic"
"CoCivium","quote-960w@2x.png","CoCivium\assets\hero\quote-960w@2x.png","21.6","generic"
"CoCivium","quote.svg","CoCivium\assets\hero\quote.svg","0.6","generic"
"CoCivium","repo_social_1280x640.jpg","CoCivium\site\assets\repo_social_1280x640.jpg","70.2","generic"
"CoCivium","req-resp-map.svg","CoCivium\docs\diagrams\_previews\coagent\req-resp-map.svg","12.6","generic"
"CoCivium","rollback.svg","CoCivium\site\assets\gib\rollback.svg","0.3","generic"
"CoCivium","scope.svg","CoCivium\site\eyes\scope.svg","1.6","generic"
"CoCivium","Screenshot 2025-11-28 204559.png","CoCivium\docs\history\LeastAmongUs\canonicals\v1\images\Screenshot 2025-11-28 204559.png","115.1","generic"
"CoCivium","Screenshot 2025-11-28 204559.png","CoCivium\docs\history\LeastAmongUs\Screenshot 2025-11-28 204559.png","115.1","generic"
"CoCivium","Screenshot 2025-11-28 204736.png","CoCivium\docs\history\LeastAmongUs\Screenshot 2025-11-28 204736.png","101","generic"
"CoCivium","Screenshot 2025-11-28 204736.png","CoCivium\docs\history\LeastAmongUs\canonicals\v1\images\Screenshot 2025-11-28 204736.png","101","generic"
"CoCivium","Screenshot 2025-11-28 204752.png","CoCivium\docs\history\LeastAmongUs\Screenshot 2025-11-28 204752.png","108.3","generic"
"CoCivium","Screenshot 2025-11-28 204752.png","CoCivium\docs\history\LeastAmongUs\canonicals\v1\images\Screenshot 2025-11-28 204752.png","108.3","generic"
"CoCivium","Screenshot 2025-11-28 204805.png","CoCivium\docs\history\LeastAmongUs\canonicals\v1\images\Screenshot 2025-11-28 204805.png","98.9","generic"
"CoCivium","Screenshot 2025-11-28 204805.png","CoCivium\docs\history\LeastAmongUs\Screenshot 2025-11-28 204805.png","98.9","generic"
"CoCivium","Screenshot 2025-11-28 204819.png","CoCivium\docs\history\LeastAmongUs\canonicals\v1\images\Screenshot 2025-11-28 204819.png","99.6","generic"
"CoCivium","Screenshot 2025-11-28 204819.png","CoCivium\docs\history\LeastAmongUs\Screenshot 2025-11-28 204819.png","99.6","generic"
"CoCivium","sentry.svg","CoCivium\site\assets\gib\sentry.svg","0.2","generic"
"CoCivium","trust-loop-map.svg","CoCivium\docs\diagrams\_previews\coaudit\trust-loop-map.svg","11.8","generic"
"CoCivium","two-eyes.png","CoCivium\assets\status\two-eyes.png","18.3","generic"
"CoCivium","two-eyes.png","CoCivium\assets\diagrams\two-eyes.png","18.3","generic"
"CoCivium","two-eyes.svg","CoCivium\assets\diagrams\two-eyes.svg","0.3","generic"
"CoCivium","vital-signs-chart.svg","CoCivium\docs\diagrams\_previews\render\academy\vital-signs-chart.svg","18.8","generic"
"CoCivium","apple-touch-icon.png","CoCivium\site\assets\apple-touch-icon.png","18.3","name-match"
"CoCivium","cc_mark_1024.png","CoCivium\site\assets\cc_mark_1024.png","186.6","name-match"
"CoCivium","cc_mark_256.png","CoCivium\site\assets\cc_mark_256.png","30.5","name-match"
"CoCivium","cc_mark_48.png","CoCivium\site\assets\cc_mark_48.png","3.1","name-match"
"CoCivium","cc_mark_512.png","CoCivium\site\assets\cc_mark_512.png","88.3","name-match"
"CoCivium","cc_mark.svg","CoCivium\site\assets\cc_mark.svg","0.7","name-match"
"CoCivium","CoCivium-logo-concentricc-3grey.svg","CoCivium\branding\CoCivium-logo-concentricc-3grey.svg","0.5","name-match"
"CoCivium","concord_mark.svg","CoCivium\docs\img\concord_mark.svg","0.6","name-match"
"CoCivium","favicon-16.png","CoCivium\site\assets\favicon-16.png","0.6","name-match"
"CoCivium","favicon-32.png","CoCivium\site\assets\favicon-32.png","1.3","name-match"
"CoCivium","favicon.ico","CoCivium\site\assets\favicon.ico","13","name-match"
"CoCivium","Logo_v1.png","CoCivium\legacy\Civium\projects\website\Logo_v1.png","1072.4","name-match"
"CoCivium","Logo_v1.png","CoCivium\legacy\CoCivium\_pr\ci_og-image-20250813_2231\legacy\Civium\projects\website\Logo_v1.png","1072.4","name-match"
"CoCivium","Logo_v1.png","CoCivium\projects\website\Logo_v1.png","1072.4","name-match"
"CoCivium-outreach","broken-line.svg","CoCivium-outreach\assets\icons\broken-line.svg","0.5","folder-match"
"CoCivium-outreach","build.svg","CoCivium-outreach\assets\badges\build.svg","0.4","folder-match"
"CoCivium-outreach","coevolve-line.svg","CoCivium-outreach\assets\icons\coevolve-line.svg","0.6","folder-match"
"CoCivium-outreach","docs.svg","CoCivium-outreach\assets\badges\docs.svg","0.4","folder-match"
"CoCivium-outreach","feels-line.svg","CoCivium-outreach\assets\icons\feels-line.svg","0.7","folder-match"
"CoCivium-outreach","for-you-line.svg","CoCivium-outreach\assets\icons\for-you-line.svg","0.9","folder-match"
"CoCivium-outreach","governments-line.svg","CoCivium-outreach\assets\icons\governments-line.svg","1.1","folder-match"
"CoCivium-outreach","how-line.svg","CoCivium-outreach\assets\icons\how-line.svg","0.5","folder-match"
"CoCivium-outreach","license.svg","CoCivium-outreach\assets\badges\license.svg","0.4","folder-match"
"CoCivium-outreach","life-line.svg","CoCivium-outreach\assets\icons\life-line.svg","1","folder-match"
"CoCivium-outreach","solutions-line.svg","CoCivium-outreach\assets\icons\solutions-line.svg","0.8","folder-match"
"CoCivium-outreach","until-line.svg","CoCivium-outreach\assets\icons\until-line.svg","0.9","folder-match"
"CoCivium-outreach","who-line.svg","CoCivium-outreach\assets\icons\who-line.svg","0.5","folder-match"
"CoCivium-outreach","why-line.svg","CoCivium-outreach\assets\icons\why-line.svg","0.6","folder-match"
"CoCivium-outreach","agent.svg","CoCivium-outreach\site\assets\gib\agent.svg","0.3","generic"
"CoCivium-outreach","AISA_System_Architecture_Diagram (1).png","CoCivium-outreach\legacy\CoCivium\_pr\ci_og-image-20250813_2231\legacy\Civium\admin\inbox\GmailDump_20250811\originals\AISA_System_Architecture_Diagram (1).png","119.8","generic"
"CoCivium-outreach","AISA_System_Architecture_Diagram (1).png","CoCivium-outreach\legacy\Civium\admin\inbox\GmailDump_20250811\originals\AISA_System_Architecture_Diagram (1).png","119.8","generic"
"CoCivium-outreach","AISA_System_Architecture_Diagram.png","CoCivium-outreach\legacy\Civium\admin\inbox\GmailDump_20250811\originals\AISA_System_Architecture_Diagram.png","119.8","generic"
"CoCivium-outreach","AISA_System_Architecture_Diagram.png","CoCivium-outreach\legacy\CoCivium\_pr\ci_og-image-20250813_2231\legacy\Civium\admin\inbox\GmailDump_20250811\originals\AISA_System_Architecture_Diagram.png","119.8","generic"
"CoCivium-outreach","bio_vs_synth_observers_c1_20250809.svg","CoCivium-outreach\assets\diagrams\bio_vs_synth_observers_c1_20250809.svg","2.2","generic"
"CoCivium-outreach","bio_vs_synth_observers_c1_20250809.svg","CoCivium-outreach\legacy\CoCivium\_pr\ci_og-image-20250813_2231\assets\diagrams\bio_vs_synth_observers_c1_20250809.svg","2.2","generic"
"CoCivium-outreach","cc-crest.png","CoCivium-outreach\assets\cc\cc-crest.png","18.3","generic"
"CoCivium-outreach","cc-crest.svg","CoCivium-outreach\assets\cc\cc-crest.svg","0.2","generic"
"CoCivium-outreach","cognocarta_4k_wallpaper.jpg","CoCivium-outreach\site\assets\cognocarta_4k_wallpaper.jpg","398.2","generic"
"CoCivium-outreach","cognocarta_scroll_og.jpg","CoCivium-outreach\site\assets\cognocarta_scroll_og.jpg","65.8","generic"
"CoCivium-outreach","cognocarta_scroll_og.png","CoCivium-outreach\site\assets\cognocarta_scroll_og.png","381.3","generic"
"CoCivium-outreach","cognocarta_scroll_og.svg","CoCivium-outreach\site\assets\cognocarta_scroll_og.svg","3.5","generic"
"CoCivium-outreach","cognocarta_tile_chip_og.png","CoCivium-outreach\site\assets\cognocarta_tile_chip_og.png","60.1","generic"
"CoCivium-outreach","cognocarta_tile_chip_og.svg","CoCivium-outreach\site\assets\cognocarta_tile_chip_og.svg","4.2","generic"
"CoCivium-outreach","cognocarta-scroll.svg","CoCivium-outreach\legacy\CoCivium\_pr\ci_og-image-20250813_2231\assets\cognocarta-scroll.svg","1","generic"
"CoCivium-outreach","cognocarta-scroll.svg","CoCivium-outreach\assets\cognocarta-scroll.svg","1","generic"
"CoCivium-outreach","commons.svg","CoCivium-outreach\site\assets\gib\commons.svg","0.4","generic"
"CoCivium-outreach","concord.svg","CoCivium-outreach\site\assets\gib\concord.svg","0.3","generic"
"CoCivium-outreach","consent.svg","CoCivium-outreach\site\assets\gib\consent.svg","0.3","generic"
"CoCivium-outreach","consenti_og.png","CoCivium-outreach\site\assets\consenti_og.png","118.3","generic"
"CoCivium-outreach","consenti_og.svg","CoCivium-outreach\site\assets\consenti_og.svg","2.6","generic"
"CoCivium-outreach","covenant.svg","CoCivium-outreach\site\assets\gib\covenant.svg","0.3","generic"
"CoCivium-outreach","credibility_eye.svg","CoCivium-outreach\docs\img\credibility_eye.svg","0.6","generic"
"CoCivium-outreach","evidence.svg","CoCivium-outreach\site\assets\gib\evidence.svg","0.3","generic"
"CoCivium-outreach","Evomap_Mockup_v1.png","CoCivium-outreach\legacy\CoCivium\_pr\ci_og-image-20250813_2231\legacy\Civium\projects\website\Evomap_Mockup_v1.png","1472.3","generic"
"CoCivium-outreach","Evomap_Mockup_v1.png","CoCivium-outreach\legacy\Civium\projects\website\Evomap_Mockup_v1.png","1472.3","generic"
"CoCivium-outreach","Evomap_Mockup_v1.png","CoCivium-outreach\projects\website\Evomap_Mockup_v1.png","1472.3","generic"
"CoCivium-outreach","forkrejoin.svg","CoCivium-outreach\site\assets\gib\forkrejoin.svg","0.3","generic"
"CoCivium-outreach","hero.jpg","CoCivium-outreach\assets\hero\hero.jpg","98.2","generic"
"CoCivium-outreach","interop.svg","CoCivium-outreach\site\assets\gib\interop.svg","0.3","generic"
"CoCivium-outreach","metrics.svg","CoCivium-outreach\site\eyes\metrics.svg","0.7","generic"
"CoCivium-outreach","mission_eye.svg","CoCivium-outreach\docs\img\mission_eye.svg","0.9","generic"
"CoCivium-outreach","oath.svg","CoCivium-outreach\site\assets\gib\oath.svg","0.3","generic"
"CoCivium-outreach","og-banner.svg","CoCivium-outreach\legacy\CoCivium\_pr\ci_og-image-20250813_2231\assets\og-banner.svg","0.9","generic"
"CoCivium-outreach","pluralism.svg","CoCivium-outreach\site\assets\gib\pluralism.svg","0.3","generic"
"CoCivium-outreach","progress_map_thumb_v1_1.svg","CoCivium-outreach\site\assets\progress_map_thumb_v1_1.svg","20","generic"
"CoCivium-outreach","progress_map_thumb_v1_1.svg","CoCivium-outreach\legacy\CoCivium\_pr\ci_og-image-20250813_2231\site\assets\progress_map_thumb_v1_1.svg","20","generic"
"CoCivium-outreach","progress_map_v0.svg","CoCivium-outreach\legacy\CoCivium\_pr\ci_og-image-20250813_2231\site\assets\progress_map_v0.svg","20","generic"
"CoCivium-outreach","progress_map_v0.svg","CoCivium-outreach\site\assets\progress_map_v0.svg","20","generic"
"CoCivium-outreach","PXL_20250805_191804037.jpg","CoCivium-outreach\legacy\Civium\admin\inbox\GmailDump_20250811\originals\PXL_20250805_191804037.jpg","2201.1","generic"
"CoCivium-outreach","PXL_20250805_191804037.jpg","CoCivium-outreach\legacy\CoCivium\_pr\ci_og-image-20250813_2231\legacy\Civium\admin\inbox\GmailDump_20250811\originals\PXL_20250805_191804037.jpg","2201.1","generic"
"CoCivium-outreach","quote-960w.png","CoCivium-outreach\assets\hero\quote-960w.png","28.5","generic"
"CoCivium-outreach","quote-960w@2x.png","CoCivium-outreach\assets\hero\quote-960w@2x.png","21.6","generic"
"CoCivium-outreach","quote.svg","CoCivium-outreach\assets\hero\quote.svg","0.6","generic"
"CoCivium-outreach","repo_social_1280x640.jpg","CoCivium-outreach\site\assets\repo_social_1280x640.jpg","70.2","generic"
"CoCivium-outreach","rollback.svg","CoCivium-outreach\site\assets\gib\rollback.svg","0.3","generic"
"CoCivium-outreach","scope.svg","CoCivium-outreach\site\eyes\scope.svg","1.6","generic"
"CoCivium-outreach","sentry.svg","CoCivium-outreach\site\assets\gib\sentry.svg","0.2","generic"
"CoCivium-outreach","two-eyes.png","CoCivium-outreach\assets\status\two-eyes.png","18.3","generic"
"CoCivium-outreach","two-eyes.png","CoCivium-outreach\assets\diagrams\two-eyes.png","18.3","generic"
"CoCivium-outreach","two-eyes.svg","CoCivium-outreach\assets\diagrams\two-eyes.svg","0.3","generic"
"CoCivium-outreach","apple-touch-icon.png","CoCivium-outreach\site\assets\apple-touch-icon.png","18.3","name-match"
"CoCivium-outreach","cc_mark_1024.png","CoCivium-outreach\site\assets\cc_mark_1024.png","186.6","name-match"
"CoCivium-outreach","cc_mark_256.png","CoCivium-outreach\site\assets\cc_mark_256.png","30.5","name-match"
"CoCivium-outreach","cc_mark_48.png","CoCivium-outreach\site\assets\cc_mark_48.png","3.1","name-match"
"CoCivium-outreach","cc_mark_512.png","CoCivium-outreach\site\assets\cc_mark_512.png","88.3","name-match"
"CoCivium-outreach","cc_mark.svg","CoCivium-outreach\site\assets\cc_mark.svg","0.7","name-match"
"CoCivium-outreach","concord_mark.svg","CoCivium-outreach\docs\img\concord_mark.svg","0.6","name-match"
"CoCivium-outreach","favicon-16.png","CoCivium-outreach\site\assets\favicon-16.png","0.6","name-match"
"CoCivium-outreach","favicon-32.png","CoCivium-outreach\site\assets\favicon-32.png","1.3","name-match"
"CoCivium-outreach","favicon.ico","CoCivium-outreach\site\assets\favicon.ico","13","name-match"
"CoCivium-outreach","Logo_v1.png","CoCivium-outreach\legacy\CoCivium\_pr\ci_og-image-20250813_2231\legacy\Civium\projects\website\Logo_v1.png","1072.4","name-match"
"CoCivium-outreach","Logo_v1.png","CoCivium-outreach\projects\website\Logo_v1.png","1072.4","name-match"
"CoCivium-outreach","Logo_v1.png","CoCivium-outreach\legacy\Civium\projects\website\Logo_v1.png","1072.4","name-match"
"CoCivium.clean","AISA_System_Architecture_Diagram (1).png","CoCivium.clean\legacy\CoCivium\_pr\ci_og-image-20250813_2231\legacy\Civium\admin\inbox\GmailDump_20250811\originals\AISA_System_Architecture_Diagram (1).png","119.8","generic"
"CoCivium.clean","AISA_System_Architecture_Diagram (1).png","CoCivium.clean\legacy\Civium\admin\inbox\GmailDump_20250811\originals\AISA_System_Architecture_Diagram (1).png","119.8","generic"
"CoCivium.clean","AISA_System_Architecture_Diagram (1).png","CoCivium.clean\staging\_imported\Civium\admin\inbox\GmailDump_20250811\originals\AISA_System_Architecture_Diagram (1).png","119.8","generic"
"CoCivium.clean","AISA_System_Architecture_Diagram.png","CoCivium.clean\legacy\Civium\admin\inbox\GmailDump_20250811\originals\AISA_System_Architecture_Diagram.png","119.8","generic"
"CoCivium.clean","AISA_System_Architecture_Diagram.png","CoCivium.clean\staging\_imported\Civium\admin\inbox\GmailDump_20250811\originals\AISA_System_Architecture_Diagram.png","119.8","generic"
"CoCivium.clean","AISA_System_Architecture_Diagram.png","CoCivium.clean\legacy\CoCivium\_pr\ci_og-image-20250813_2231\legacy\Civium\admin\inbox\GmailDump_20250811\originals\AISA_System_Architecture_Diagram.png","119.8","generic"
"CoCivium.clean","bio_vs_synth_observers_c1_20250809.svg","CoCivium.clean\assets\diagrams\bio_vs_synth_observers_c1_20250809.svg","2.2","generic"
"CoCivium.clean","bio_vs_synth_observers_c1_20250809.svg","CoCivium.clean\legacy\CoCivium\_pr\ci_og-image-20250813_2231\assets\diagrams\bio_vs_synth_observers_c1_20250809.svg","2.2","generic"
"CoCivium.clean","cognocarta-scroll.svg","CoCivium.clean\legacy\CoCivium\_pr\ci_og-image-20250813_2231\assets\cognocarta-scroll.svg","1","generic"
"CoCivium.clean","cognocarta-scroll.svg","CoCivium.clean\assets\cognocarta-scroll.svg","1.1","generic"
"CoCivium.clean","consenti-scroll.png","CoCivium.clean\assets\img\consenti-scroll.png","3390.1","generic"
"CoCivium.clean","credibility_eye.svg","CoCivium.clean\docs\img\credibility_eye.svg","0.6","generic"
"CoCivium.clean","Evomap_Mockup_v1.png","CoCivium.clean\legacy\Civium\projects\website\Evomap_Mockup_v1.png","1472.3","generic"
"CoCivium.clean","Evomap_Mockup_v1.png","CoCivium.clean\legacy\CoCivium\_pr\ci_og-image-20250813_2231\legacy\Civium\projects\website\Evomap_Mockup_v1.png","1472.3","generic"
"CoCivium.clean","Evomap_Mockup_v1.png","CoCivium.clean\staging\_imported\Civium\projects\website\Evomap_Mockup_v1.png","1472.3","generic"
"CoCivium.clean","metrics.svg","CoCivium.clean\site\eyes\metrics.svg","0.7","generic"
"CoCivium.clean","mission_eye.svg","CoCivium.clean\docs\img\mission_eye.svg","0.9","generic"
"CoCivium.clean","og-banner.svg","CoCivium.clean\legacy\CoCivium\_pr\ci_og-image-20250813_2231\assets\og-banner.svg","0.9","generic"
"CoCivium.clean","progress_map_thumb_v1_1.svg","CoCivium.clean\legacy\CoCivium\_pr\ci_og-image-20250813_2231\site\assets\progress_map_thumb_v1_1.svg","20","generic"
"CoCivium.clean","progress_map_thumb_v1_1.svg","CoCivium.clean\site\assets\progress_map_thumb_v1_1.svg","20.2","generic"
"CoCivium.clean","progress_map_v0.svg","CoCivium.clean\legacy\CoCivium\_pr\ci_og-image-20250813_2231\site\assets\progress_map_v0.svg","20","generic"
"CoCivium.clean","progress_map_v0.svg","CoCivium.clean\site\assets\progress_map_v0.svg","20.2","generic"
"CoCivium.clean","PXL_20250805_191804037.jpg","CoCivium.clean\legacy\Civium\admin\inbox\GmailDump_20250811\originals\PXL_20250805_191804037.jpg","2201.1","generic"
"CoCivium.clean","PXL_20250805_191804037.jpg","CoCivium.clean\legacy\CoCivium\_pr\ci_og-image-20250813_2231\legacy\Civium\admin\inbox\GmailDump_20250811\originals\PXL_20250805_191804037.jpg","2201.1","generic"
"CoCivium.clean","PXL_20250805_191804037.jpg","CoCivium.clean\staging\_imported\Civium\admin\inbox\GmailDump_20250811\originals\PXL_20250805_191804037.jpg","2201.1","generic"
"CoCivium.clean","scope.svg","CoCivium.clean\site\eyes\scope.svg","1.6","generic"
"CoCivium.clean","concord_mark.svg","CoCivium.clean\docs\img\concord_mark.svg","0.6","name-match"
"CoCivium.clean","Logo_v1.png","CoCivium.clean\staging\_imported\Civium\projects\website\Logo_v1.png","1072.4","name-match"
"CoCivium.clean","Logo_v1.png","CoCivium.clean\legacy\CoCivium\_pr\ci_og-image-20250813_2231\legacy\Civium\projects\website\Logo_v1.png","1072.4","name-match"
"CoCivium.clean","Logo_v1.png","CoCivium.clean\legacy\Civium\projects\website\Logo_v1.png","1072.4","name-match"
"CoCiviumBackUp","broken-line.svg","CoCiviumBackUp\assets\icons\broken-line.svg","0.5","folder-match"
"CoCiviumBackUp","build.svg","CoCiviumBackUp\assets\badges\build.svg","0.4","folder-match"
"CoCiviumBackUp","coevolve-line.svg","CoCiviumBackUp\assets\icons\coevolve-line.svg","0.6","folder-match"
"CoCiviumBackUp","docs.svg","CoCiviumBackUp\assets\badges\docs.svg","0.4","folder-match"
"CoCiviumBackUp","feels-line.svg","CoCiviumBackUp\assets\icons\feels-line.svg","0.7","folder-match"
"CoCiviumBackUp","for-you-line.svg","CoCiviumBackUp\assets\icons\for-you-line.svg","0.9","folder-match"
"CoCiviumBackUp","governments-line.svg","CoCiviumBackUp\assets\icons\governments-line.svg","1.1","folder-match"
"CoCiviumBackUp","how-line.svg","CoCiviumBackUp\assets\icons\how-line.svg","0.5","folder-match"
"CoCiviumBackUp","license.svg","CoCiviumBackUp\assets\badges\license.svg","0.4","folder-match"
"CoCiviumBackUp","life-line.svg","CoCiviumBackUp\assets\icons\life-line.svg","1","folder-match"
"CoCiviumBackUp","solutions-line.svg","CoCiviumBackUp\assets\icons\solutions-line.svg","0.8","folder-match"
"CoCiviumBackUp","until-line.svg","CoCiviumBackUp\assets\icons\until-line.svg","0.9","folder-match"
"CoCiviumBackUp","who-line.svg","CoCiviumBackUp\assets\icons\who-line.svg","0.5","folder-match"
"CoCiviumBackUp","why-line.svg","CoCiviumBackUp\assets\icons\why-line.svg","0.6","folder-match"
"CoCiviumBackUp","agent.svg","CoCiviumBackUp\site\assets\gib\agent.svg","0.3","generic"
"CoCiviumBackUp","AISA_System_Architecture_Diagram (1).png","CoCiviumBackUp\legacy\CoCivium\_pr\ci_og-image-20250813_2231\legacy\Civium\admin\inbox\GmailDump_20250811\originals\AISA_System_Architecture_Diagram (1).png","119.8","generic"
"CoCiviumBackUp","AISA_System_Architecture_Diagram (1).png","CoCiviumBackUp\legacy\Civium\admin\inbox\GmailDump_20250811\originals\AISA_System_Architecture_Diagram (1).png","119.8","generic"
"CoCiviumBackUp","AISA_System_Architecture_Diagram (1).png","CoCiviumBackUp\staging\_imported\Civium\admin\inbox\GmailDump_20250811\originals\AISA_System_Architecture_Diagram (1).png","119.8","generic"
"CoCiviumBackUp","AISA_System_Architecture_Diagram.png","CoCiviumBackUp\staging\_imported\Civium\admin\inbox\GmailDump_20250811\originals\AISA_System_Architecture_Diagram.png","119.8","generic"
"CoCiviumBackUp","AISA_System_Architecture_Diagram.png","CoCiviumBackUp\legacy\CoCivium\_pr\ci_og-image-20250813_2231\legacy\Civium\admin\inbox\GmailDump_20250811\originals\AISA_System_Architecture_Diagram.png","119.8","generic"
"CoCiviumBackUp","AISA_System_Architecture_Diagram.png","CoCiviumBackUp\legacy\Civium\admin\inbox\GmailDump_20250811\originals\AISA_System_Architecture_Diagram.png","119.8","generic"
"CoCiviumBackUp","bio_vs_synth_observers_c1_20250809.svg","CoCiviumBackUp\assets\diagrams\bio_vs_synth_observers_c1_20250809.svg","2.2","generic"
"CoCiviumBackUp","bio_vs_synth_observers_c1_20250809.svg","CoCiviumBackUp\legacy\CoCivium\_pr\ci_og-image-20250813_2231\assets\diagrams\bio_vs_synth_observers_c1_20250809.svg","2.2","generic"
"CoCiviumBackUp","cc-crest.png","CoCiviumBackUp\assets\cc\cc-crest.png","18.3","generic"
"CoCiviumBackUp","cc-crest.svg","CoCiviumBackUp\assets\cc\cc-crest.svg","0.2","generic"
"CoCiviumBackUp","cognocarta_4k_wallpaper.jpg","CoCiviumBackUp\site\assets\cognocarta_4k_wallpaper.jpg","398.2","generic"
"CoCiviumBackUp","cognocarta_scroll_og_src.png","CoCiviumBackUp\site\assets\cognocarta_scroll_og_src.png","9533","generic"
"CoCiviumBackUp","cognocarta_scroll_og.jpg","CoCiviumBackUp\site\assets\cognocarta_scroll_og.jpg","65.8","generic"
"CoCiviumBackUp","cognocarta_scroll_og.png","CoCiviumBackUp\site\assets\cognocarta_scroll_og.png","381.3","generic"
"CoCiviumBackUp","cognocarta_scroll_og.svg","CoCiviumBackUp\site\assets\cognocarta_scroll_og.svg","3.5","generic"
"CoCiviumBackUp","cognocarta_tile_chip_og.png","CoCiviumBackUp\site\assets\cognocarta_tile_chip_og.png","60.1","generic"
"CoCiviumBackUp","cognocarta_tile_chip_og.svg","CoCiviumBackUp\site\assets\cognocarta_tile_chip_og.svg","4.2","generic"
"CoCiviumBackUp","cognocarta-scroll.svg","CoCiviumBackUp\assets\cognocarta-scroll.svg","1","generic"
"CoCiviumBackUp","cognocarta-scroll.svg","CoCiviumBackUp\legacy\CoCivium\_pr\ci_og-image-20250813_2231\assets\cognocarta-scroll.svg","1","generic"
"CoCiviumBackUp","commons.svg","CoCiviumBackUp\site\assets\gib\commons.svg","0.4","generic"
"CoCiviumBackUp","concord.svg","CoCiviumBackUp\site\assets\gib\concord.svg","0.3","generic"
"CoCiviumBackUp","consent.svg","CoCiviumBackUp\site\assets\gib\consent.svg","0.3","generic"
"CoCiviumBackUp","consenti_og.png","CoCiviumBackUp\site\assets\consenti_og.png","119.4","generic"
"CoCiviumBackUp","consenti_og.svg","CoCiviumBackUp\site\assets\consenti_og.svg","2.6","generic"
"CoCiviumBackUp","consenti-scroll.png","CoCiviumBackUp\assets\img\consenti-scroll.png","3390.1","generic"
"CoCiviumBackUp","covenant.svg","CoCiviumBackUp\site\assets\gib\covenant.svg","0.3","generic"
"CoCiviumBackUp","credibility_eye.svg","CoCiviumBackUp\docs\img\credibility_eye.svg","0.6","generic"
"CoCiviumBackUp","evidence.svg","CoCiviumBackUp\site\assets\gib\evidence.svg","0.3","generic"
"CoCiviumBackUp","Evomap_Mockup_v1.png","CoCiviumBackUp\staging\_imported\Civium\projects\website\Evomap_Mockup_v1.png","1472.3","generic"
"CoCiviumBackUp","Evomap_Mockup_v1.png","CoCiviumBackUp\legacy\CoCivium\_pr\ci_og-image-20250813_2231\legacy\Civium\projects\website\Evomap_Mockup_v1.png","1472.3","generic"
"CoCiviumBackUp","Evomap_Mockup_v1.png","CoCiviumBackUp\legacy\Civium\projects\website\Evomap_Mockup_v1.png","1472.3","generic"
"CoCiviumBackUp","forkrejoin.svg","CoCiviumBackUp\site\assets\gib\forkrejoin.svg","0.3","generic"
"CoCiviumBackUp","hero.jpg","CoCiviumBackUp\assets\hero\hero.jpg","98.2","generic"
"CoCiviumBackUp","interop.svg","CoCiviumBackUp\site\assets\gib\interop.svg","0.3","generic"
"CoCiviumBackUp","metrics.svg","CoCiviumBackUp\site\eyes\metrics.svg","0.7","generic"
"CoCiviumBackUp","mission_eye.svg","CoCiviumBackUp\docs\img\mission_eye.svg","0.9","generic"
"CoCiviumBackUp","oath.svg","CoCiviumBackUp\site\assets\gib\oath.svg","0.3","generic"
"CoCiviumBackUp","og-banner.svg","CoCiviumBackUp\legacy\CoCivium\_pr\ci_og-image-20250813_2231\assets\og-banner.svg","0.9","generic"
"CoCiviumBackUp","pluralism.svg","CoCiviumBackUp\site\assets\gib\pluralism.svg","0.3","generic"
"CoCiviumBackUp","progress_map_thumb_v1_1.svg","CoCiviumBackUp\site\assets\progress_map_thumb_v1_1.svg","20","generic"
"CoCiviumBackUp","progress_map_thumb_v1_1.svg","CoCiviumBackUp\legacy\CoCivium\_pr\ci_og-image-20250813_2231\site\assets\progress_map_thumb_v1_1.svg","20","generic"
"CoCiviumBackUp","progress_map_v0.svg","CoCiviumBackUp\legacy\CoCivium\_pr\ci_og-image-20250813_2231\site\assets\progress_map_v0.svg","20","generic"
"CoCiviumBackUp","progress_map_v0.svg","CoCiviumBackUp\site\assets\progress_map_v0.svg","20","generic"
"CoCiviumBackUp","PXL_20250805_191804037.jpg","CoCiviumBackUp\staging\_imported\Civium\admin\inbox\GmailDump_20250811\originals\PXL_20250805_191804037.jpg","2201.1","generic"
"CoCiviumBackUp","PXL_20250805_191804037.jpg","CoCiviumBackUp\legacy\CoCivium\_pr\ci_og-image-20250813_2231\legacy\Civium\admin\inbox\GmailDump_20250811\originals\PXL_20250805_191804037.jpg","2201.1","generic"
"CoCiviumBackUp","PXL_20250805_191804037.jpg","CoCiviumBackUp\legacy\Civium\admin\inbox\GmailDump_20250811\originals\PXL_20250805_191804037.jpg","2201.1","generic"
"CoCiviumBackUp","quote-960w.png","CoCiviumBackUp\assets\hero\quote-960w.png","12.6","generic"
"CoCiviumBackUp","quote.svg","CoCiviumBackUp\assets\hero\quote.svg","0.6","generic"
"CoCiviumBackUp","repo_social_1280x640.jpg","CoCiviumBackUp\site\assets\repo_social_1280x640.jpg","70.2","generic"
"CoCiviumBackUp","rollback.svg","CoCiviumBackUp\site\assets\gib\rollback.svg","0.3","generic"
"CoCiviumBackUp","scope.svg","CoCiviumBackUp\site\eyes\scope.svg","1.6","generic"
"CoCiviumBackUp","sentry.svg","CoCiviumBackUp\site\assets\gib\sentry.svg","0.2","generic"
"CoCiviumBackUp","two-eyes.png","CoCiviumBackUp\assets\diagrams\two-eyes.png","18.3","generic"
"CoCiviumBackUp","two-eyes.png","CoCiviumBackUp\assets\status\two-eyes.png","18.3","generic"
"CoCiviumBackUp","two-eyes.svg","CoCiviumBackUp\assets\diagrams\two-eyes.svg","0.3","generic"
"CoCiviumBackUp","apple-touch-icon.png","CoCiviumBackUp\site\assets\apple-touch-icon.png","18.3","name-match"
"CoCiviumBackUp","cc_mark_1024.png","CoCiviumBackUp\site\assets\cc_mark_1024.png","186.6","name-match"
"CoCiviumBackUp","cc_mark_256.png","CoCiviumBackUp\site\assets\cc_mark_256.png","30.5","name-match"
"CoCiviumBackUp","cc_mark_48.png","CoCiviumBackUp\site\assets\cc_mark_48.png","3.1","name-match"
"CoCiviumBackUp","cc_mark_512.png","CoCiviumBackUp\site\assets\cc_mark_512.png","88.3","name-match"
"CoCiviumBackUp","cc_mark.svg","CoCiviumBackUp\site\assets\cc_mark.svg","0.7","name-match"
"CoCiviumBackUp","concord_mark.svg","CoCiviumBackUp\docs\img\concord_mark.svg","0.6","name-match"
"CoCiviumBackUp","favicon-16.png","CoCiviumBackUp\site\assets\favicon-16.png","0.6","name-match"
"CoCiviumBackUp","favicon-32.png","CoCiviumBackUp\site\assets\favicon-32.png","1.3","name-match"
"CoCiviumBackUp","favicon.ico","CoCiviumBackUp\site\assets\favicon.ico","13","name-match"
"CoCiviumBackUp","Logo_v1.png","CoCiviumBackUp\legacy\Civium\projects\website\Logo_v1.png","1072.4","name-match"
"CoCiviumBackUp","Logo_v1.png","CoCiviumBackUp\legacy\CoCivium\_pr\ci_og-image-20250813_2231\legacy\Civium\projects\website\Logo_v1.png","1072.4","name-match"
"CoCiviumBackUp","Logo_v1.png","CoCiviumBackUp\staging\_imported\Civium\projects\website\Logo_v1.png","1072.4","name-match"
"Cognocarta-Consenti","connectome_repo_map_v0.1.png","Cognocarta-Consenti\meta\deprecated\origins\meta\connectome_repo_map_v0.1.png","1249.3","generic"
"Cognocarta-Consenti","scroll_dependency_map.png","Cognocarta-Consenti\maps\scroll_dependency_map.png","278.8","generic"
"Cognocarta-Consenti","scroll_dependency_map.png","Cognocarta-Consenti\meta\deprecated\scrolls\scroll_dependency_map.png","278.8","generic"
"Cognocarta-Consenti","thinking_constitution.svg","Cognocarta-Consenti\maps\thinking_constitution.svg","0.1","generic"
"CoLaminar","icon128.png","CoLaminar\extension\icons\icon128.png","2","name-match"
"CoPolitic","copolitic_hero.png","CoPolitic\assets\img\copolitic_hero.png","79.5","generic"
"CoPolitic","copolitic_hero.webp","CoPolitic\assets\img\copolitic_hero.webp","13.3","generic"
"CoPolitic","hero_roundtable.png","CoPolitic\assets\img\hero_roundtable.png","2373.1","generic"
"CoPolitic","hero_roundtable.webp","CoPolitic\assets\img\hero_roundtable.webp","107.1","generic"
"CoPolitic","apple-touch-icon.png","CoPolitic\assets\img\apple-touch-icon.png","38.9","name-match"
"CoPolitic","favicon.svg","CoPolitic\assets\img\favicon.svg","0.3","name-match"
"CoPolitic","favicon.svg","CoPolitic\assets\favicon.svg","0.5","name-match"
"CoPolitic","icon-512.png","CoPolitic\assets\img\icon-512.png","233.2","name-match"
"CoPolitic","logo_angels.png","CoPolitic\assets\img\logo_angels.png","1649.4","name-match"
"CoPolitic","logo_angels.webp","CoPolitic\assets\img\logo_angels.webp","214.8","name-match"
"CoRef","CoRef_InteropStack_Dark_v2.png","CoRef\assets\CoRef_InteropStack_Dark_v2.png","29","generic"
"CoRef","interop.svg","CoRef\assets\interop.svg","47.8","generic"
"CoSteward","eta_badge.svg","CoSteward\STATUS\badges\eta_badge.svg","0.4","name-match"
"CoSteward","hitchhiker_badge.svg","CoSteward\STATUS\badges\hitchhiker_badge.svg","0.4","name-match"
"CoSteward","last_tick_badge.svg","CoSteward\STATUS\badges\last_tick_badge.svg","0.4","name-match"
"CoSteward","sanitation_badge.svg","CoSteward\STATUS\badges\sanitation_badge.svg","0.4","name-match"
"CoSteward","throughput_badge.svg","CoSteward\STATUS\badges\throughput_badge.svg","0.4","name-match"
"EntMent","hero.png","EntMent\assets\hero.png","0","generic"
"EntMent","favicon-192.png","EntMent\assets\icons\favicon-192.png","0","name-match"
"EntMent","favicon-48.png","EntMent\assets\icons\favicon-48.png","0","name-match"
"EntMent","favicon-512.png","EntMent\assets\icons\favicon-512.png","0","name-match"
"gh-rz","logo.svg","gh-rz\payload\ui\logo.svg","0.6","name-match"
"Godspawn","Bios.jpg","Godspawn\Top7icons\Bios.jpg","32.8","folder-match"
"Godspawn","ChaptersSummary.jpg","Godspawn\Top7icons\ChaptersSummary.jpg","42.7","folder-match"
"Godspawn","Downloadebook.jpg","Godspawn\Top7icons\Downloadebook.jpg","40.2","folder-match"
"Godspawn","ExpertReviews.jpg","Godspawn\Top7icons\ExpertReviews.jpg","38.5","folder-match"
"Godspawn","Jedi-heads-1.jpg","Godspawn\GODSPAWN 2006\GODSPAWN\images\logos\Jedi-heads-1.jpg","41.9","folder-match"
"Godspawn","Jedi-heads-2.jpg","Godspawn\GODSPAWN 2006\GODSPAWN\images\logos\Jedi-heads-2.jpg","41.9","folder-match"
"Godspawn","Jedi-heads-3.jpg","Godspawn\GODSPAWN 2006\GODSPAWN\images\logos\Jedi-heads-3.jpg","41.9","folder-match"
"Godspawn","Jedi-heads-4.jpg","Godspawn\GODSPAWN 2006\GODSPAWN\images\logos\Jedi-heads-4.jpg","41.9","folder-match"
"Godspawn","Jedi-heads-5.jpg","Godspawn\GODSPAWN 2006\GODSPAWN\images\logos\Jedi-heads-5.jpg","41.9","folder-match"
"Godspawn","Jedi-heads-6.jpg","Godspawn\GODSPAWN 2006\GODSPAWN\images\logos\Jedi-heads-6.jpg","41.9","folder-match"
"Godspawn","Jedi-heads-7.jpg","Godspawn\GODSPAWN 2006\GODSPAWN\images\logos\Jedi-heads-7.jpg","41.9","folder-match"
"Godspawn","Jedi-heads-8.jpg","Godspawn\GODSPAWN 2006\GODSPAWN\images\logos\Jedi-heads-8.jpg","41.9","folder-match"
"Godspawn","LiteraryCritique.jpg","Godspawn\Top7icons\LiteraryCritique.jpg","36.7","folder-match"
"Godspawn","QuickSynopsis.jpg","Godspawn\Top7icons\QuickSynopsis.jpg","39.8","folder-match"
"Godspawn","ScreenplaySample.jpg","Godspawn\Top7icons\ScreenplaySample.jpg","38.7","folder-match"
"Godspawn","StoryboardSample.jpg","Godspawn\Top7icons\StoryboardSample.jpg","42.9","folder-match"
"Godspawn","000007946103_PreviewSmall01.jpg","Godspawn\000007946103_PreviewSmall01.jpg","6.2","generic"
"Godspawn","000007946103_PreviewSmall02.jpg","Godspawn\000007946103_PreviewSmall02.jpg","6.2","generic"
"Godspawn","000007946103_PreviewSmall03.jpg","Godspawn\000007946103_PreviewSmall03.jpg","6.2","generic"
"Godspawn","000007946103_PreviewSmall04.jpg","Godspawn\000007946103_PreviewSmall04.jpg","6.3","generic"
"Godspawn","000007946103_PreviewSmall05.jpg","Godspawn\000007946103_PreviewSmall05.jpg","6.3","generic"
"Godspawn","1ShinyHandinCell.jpg","Godspawn\1ShinyHandinCell.jpg","2027.6","generic"
"Godspawn","2Flashbacks.jpg","Godspawn\2Flashbacks.jpg","2162.2","generic"
"Godspawn","android_backing_greenred.jpg","Godspawn\DanZen\backings\android_backing_greenred.jpg","164.6","generic"
"Godspawn","AZOIC_Title_ClearBG.png","Godspawn\AZOIC_Title_ClearBG.png","8.1","generic"
"Godspawn","danbiopic.jpg","Godspawn\danbiopic.jpg","21.5","generic"
"Godspawn","DiannaBiopic.jpg","Godspawn\DiannaBiopic.jpg","21.6","generic"
"Godspawn","eye.jpg","Godspawn\DanZen\backings\eye.jpg","152.9","generic"
"Godspawn","eye2.jpg","Godspawn\DanZen\backings\eye2.jpg","473.8","generic"
"Godspawn","eye3.jpg","Godspawn\DanZen\backings\eye3.jpg","449","generic"
"Godspawn","eye4.jpg","Godspawn\DanZen\backings\eye4.jpg","549.9","generic"
"Godspawn","eye5.jpg","Godspawn\DanZen\backings\eye5.jpg","379.7","generic"
"Godspawn","GS_3D_Novel.png","Godspawn\Pkg For Elias\GS_3D_Novel.png","1605.4","generic"
"Godspawn","GS_3D_Novel.png","Godspawn\GS_3D_Novel.png","1605.4","generic"
"Godspawn","GS_Back_Cover_Background.png","Godspawn\GS_Back_Cover_Background.png","2093.3","generic"
"Godspawn","GS_Back_Cover_Gold_Star.png","Godspawn\GS_Back_Cover_Gold_Star.png","1456.3","generic"
"Godspawn","GS_Back_Cover_Overlay_Text.png","Godspawn\GS_Back_Cover_Overlay_Text.png","205.2","generic"
"Godspawn","GS_Binding_Cover_900pages.png","Godspawn\Pkg For Elias\GS_Binding_Cover_900pages.png","5227.5","generic"
"Godspawn","GS_Binding_Cover_900pages.png","Godspawn\GS_Binding_Cover_900pages.png","5227.5","generic"
"Godspawn","GS_Front_Cover_Gold_Scar.png","Godspawn\GS_Front_Cover_Gold_Scar.png","2848","generic"
"Godspawn","GS_Spine_Background.png","Godspawn\GS_Spine_Background.png","1679.7","generic"
"Godspawn","GS_Spine.png","Godspawn\GS_Spine.png","760.9","generic"
"Godspawn","GS_Title_Clear_Background.png","Godspawn\GS_Title_Clear_Background.png","17.3","generic"
"Godspawn","GS-header.jpg","Godspawn\GODSPAWN 2006\GODSPAWN\GS Flash Site\GS-header.jpg","42.1","generic"
"Godspawn","IMG_0877.JPG","Godspawn\DanZen\backings\IMG_0877.JPG","258.1","generic"
"Godspawn","IMG_0883.JPG","Godspawn\DanZen\backings\IMG_0883.JPG","320.9","generic"
"Godspawn","IMG_0895.JPG","Godspawn\DanZen\backings\IMG_0895.JPG","224.4","generic"
"Godspawn","IMG_0928.JPG","Godspawn\DanZen\backings\IMG_0928.JPG","238.2","generic"
"Godspawn","IMG_0929.JPG","Godspawn\DanZen\backings\IMG_0929.JPG","238.5","generic"
"Godspawn","IMG_0931.JPG","Godspawn\DanZen\backings\IMG_0931.JPG","86.2","generic"
"Godspawn","IMG_0932.JPG","Godspawn\DanZen\backings\IMG_0932.JPG","270.9","generic"
"Godspawn","IMG_0933.JPG","Godspawn\DanZen\backings\IMG_0933.JPG","228.5","generic"
"Godspawn","Jedi-heads-1.jpg","Godspawn\GODSPAWN 2006\GODSPAWN\GS Flash Site\Jedi-heads-1.jpg","41.9","generic"
"Godspawn","m.jpg","Godspawn\m.jpg","2.6","generic"
"Godspawn","pod_oracle_color.jpg","Godspawn\DanZen\backings\pod_oracle_color.jpg","346.3","generic"
"Godspawn","pod_oracle_single_bluepink.jpg","Godspawn\DanZen\backings\pod_oracle_single_bluepink.jpg","201.2","generic"
"Godspawn","pod_oracle_single_bluepink2.jpg","Godspawn\DanZen\backings\pod_oracle_single_bluepink2.jpg","213.9","generic"
"Godspawn","pod_with_eye.jpg","Godspawn\DanZen\backings\pod_with_eye.jpg","365.5","generic"
"Godspawn","rabittooth.jpg","Godspawn\GODSPAWN 2006\GODSPAWN\images\rabittooth.jpg","22.8","generic"
"Godspawn","Save0001.jpg","Godspawn\DanZen\storyboard\storyboard\Save0001.jpg","855.9","generic"
"Godspawn","Save0002.jpg","Godspawn\DanZen\storyboard\storyboard\Save0002.jpg","736.9","generic"
"Godspawn","Save0003.jpg","Godspawn\DanZen\storyboard\storyboard\Save0003.jpg","834.2","generic"
"Godspawn","Save0004.JPG","Godspawn\DanZen\storyboard\storyboard\Save0004.JPG","831.4","generic"
"Godspawn","Save0005.JPG","Godspawn\DanZen\storyboard\storyboard\Save0005.JPG","843.9","generic"
"Godspawn","Save0006.JPG","Godspawn\DanZen\storyboard\storyboard\Save0006.JPG","785","generic"
"Godspawn","Save0007.JPG","Godspawn\DanZen\storyboard\storyboard\Save0007.JPG","909.1","generic"
"Godspawn","Save0008.JPG","Godspawn\DanZen\storyboard\storyboard\Save0008.JPG","1281.8","generic"
"Godspawn","Save0009.JPG","Godspawn\DanZen\storyboard\storyboard\Save0009.JPG","748.1","generic"
"Godspawn","Save0010.JPG","Godspawn\DanZen\storyboard\storyboard\Save0010.JPG","990.7","generic"
"Godspawn","Save0011.JPG","Godspawn\DanZen\storyboard\storyboard\Save0011.JPG","896","generic"
"Godspawn","Save0012.JPG","Godspawn\DanZen\storyboard\storyboard\Save0012.JPG","803.1","generic"
"Godspawn","Save0013.JPG","Godspawn\DanZen\storyboard\storyboard\Save0013.JPG","805","generic"
"Godspawn","Save0014.JPG","Godspawn\DanZen\storyboard\storyboard\Save0014.JPG","1014","generic"
"Godspawn","Save0015.JPG","Godspawn\DanZen\storyboard\storyboard\Save0015.JPG","1088.7","generic"
"Godspawn","Save0016.JPG","Godspawn\DanZen\storyboard\storyboard\Save0016.JPG","716.2","generic"
"Godspawn","Save0017.JPG","Godspawn\DanZen\storyboard\storyboard\Save0017.JPG","542.2","generic"
"Godspawn","Save0018.JPG","Godspawn\DanZen\storyboard\storyboard\Save0018.JPG","981.4","generic"
"Godspawn","Save0019.JPG","Godspawn\DanZen\storyboard\storyboard\Save0019.JPG","911.4","generic"
"Godspawn","Save0020.JPG","Godspawn\DanZen\storyboard\storyboard\Save0020.JPG","621.9","generic"
"Godspawn","ScanManStrip.jpg","Godspawn\ScanManStrip.jpg","62.6","generic"
"Godspawn","superman.jpg","Godspawn\GODSPAWN 2006\GODSPAWN\images\superman.jpg","14.8","generic"
"Godspawn","WritersVignette.jpg","Godspawn\WritersVignette.jpg","93.1","generic"
"Godspawn","GodspawnLogo.jpg","Godspawn\Pkg For Elias\GodspawnLogo.jpg","401","name-match"
"Godspawn","GodspawnLogo.jpg","Godspawn\GodspawnLogo.jpg","401","name-match"
"GroupBuild","hero.png","GroupBuild\assets\hero.png","0","generic"
"GroupBuild","favicon-192.png","GroupBuild\assets\icons\favicon-192.png","0","name-match"
"GroupBuild","favicon-48.png","GroupBuild\assets\icons\favicon-48.png","0","name-match"
"GroupBuild","favicon-512.png","GroupBuild\assets\icons\favicon-512.png","0","name-match"
"GroupBuild-website","aggressive.svg","GroupBuild-website\assets\kittens\aggressive.svg","1","generic"
"GroupBuild-website","empathic.svg","GroupBuild-website\assets\kittens\empathic.svg","0.9","generic"
"GroupBuild-website","og.svg","GroupBuild-website\assets\og\og.svg","0.5","generic"
"GroupBuild-website","Screenshot 2025-09-14 210249.png","GroupBuild-website\friendly-proposal\discord-screens\Screenshot 2025-09-14 210249.png","367.6","generic"
"GroupBuild-website","Screenshot 2025-09-14 210304.png","GroupBuild-website\friendly-proposal\discord-screens\Screenshot 2025-09-14 210304.png","514.9","generic"
"GroupBuild-website","Screenshot 2025-09-14 210314.png","GroupBuild-website\friendly-proposal\discord-screens\Screenshot 2025-09-14 210314.png","74.6","generic"
"GroupBuild-website","Screenshot 2025-09-14 210327.png","GroupBuild-website\friendly-proposal\discord-screens\Screenshot 2025-09-14 210327.png","356.6","generic"
"GroupBuild-website","Screenshot 2025-09-14 210336.png","GroupBuild-website\friendly-proposal\discord-screens\Screenshot 2025-09-14 210336.png","159.7","generic"
"GroupBuild-website","Screenshot 2025-09-14 210347.png","GroupBuild-website\friendly-proposal\discord-screens\Screenshot 2025-09-14 210347.png","435.5","generic"
"GroupBuild-website","Screenshot 2025-09-14 210401.png","GroupBuild-website\friendly-proposal\discord-screens\Screenshot 2025-09-14 210401.png","229.7","generic"
"GroupBuild-website","Screenshot 2025-09-14 210414.png","GroupBuild-website\friendly-proposal\discord-screens\Screenshot 2025-09-14 210414.png","66.4","generic"
"GroupBuild-website","Screenshot 2025-09-14 210421.png","GroupBuild-website\friendly-proposal\discord-screens\Screenshot 2025-09-14 210421.png","59.7","generic"
"GroupBuild-website","Screenshot 2025-09-14 210430.png","GroupBuild-website\friendly-proposal\discord-screens\Screenshot 2025-09-14 210430.png","118.3","generic"
"GroupBuild-website","Screenshot 2025-09-14 210437.png","GroupBuild-website\friendly-proposal\discord-screens\Screenshot 2025-09-14 210437.png","203.8","generic"
"GroupBuild-website","Screenshot 2025-09-14 210444.png","GroupBuild-website\friendly-proposal\discord-screens\Screenshot 2025-09-14 210444.png","34.4","generic"
"GroupBuild-website","Screenshot 2025-09-14 210454.png","GroupBuild-website\friendly-proposal\discord-screens\Screenshot 2025-09-14 210454.png","590.3","generic"
"GroupBuild-website","Screenshot 2025-09-14 210508.png","GroupBuild-website\friendly-proposal\discord-screens\Screenshot 2025-09-14 210508.png","280.3","generic"
"GroupBuild-website","Screenshot 2025-09-14 210519.png","GroupBuild-website\friendly-proposal\discord-screens\Screenshot 2025-09-14 210519.png","722","generic"
"GroupBuild-website","Screenshot 2025-09-14 210528.png","GroupBuild-website\friendly-proposal\discord-screens\Screenshot 2025-09-14 210528.png","28.7","generic"
"GroupBuild-website","Screenshot 2025-09-14 210539.png","GroupBuild-website\friendly-proposal\discord-screens\Screenshot 2025-09-14 210539.png","365","generic"
"GroupBuild-website","Screenshot 2025-09-14 210553.png","GroupBuild-website\friendly-proposal\discord-screens\Screenshot 2025-09-14 210553.png","485.7","generic"
"GroupBuild-website","Screenshot 2025-09-14 210601.png","GroupBuild-website\friendly-proposal\discord-screens\Screenshot 2025-09-14 210601.png","532.8","generic"
"GroupBuild-website","Screenshot 2025-09-14 210611.png","GroupBuild-website\friendly-proposal\discord-screens\Screenshot 2025-09-14 210611.png","577.9","generic"
"GroupBuild-website","Screenshot 2025-09-14 210620.png","GroupBuild-website\friendly-proposal\discord-screens\Screenshot 2025-09-14 210620.png","38","generic"
"GroupBuild-website","Screenshot 2025-09-14 210631.png","GroupBuild-website\friendly-proposal\discord-screens\Screenshot 2025-09-14 210631.png","241.8","generic"
"GroupBuild-website","Screenshot 2025-09-14 210643.png","GroupBuild-website\friendly-proposal\discord-screens\Screenshot 2025-09-14 210643.png","262.2","generic"
"GroupBuild-website","Screenshot 2025-09-14 210653.png","GroupBuild-website\friendly-proposal\discord-screens\Screenshot 2025-09-14 210653.png","472.4","generic"
"GroupBuild-website","Screenshot 2025-09-14 210702.png","GroupBuild-website\friendly-proposal\discord-screens\Screenshot 2025-09-14 210702.png","169.9","generic"
"GroupBuild-website","Screenshot 2025-09-14 210710.png","GroupBuild-website\friendly-proposal\discord-screens\Screenshot 2025-09-14 210710.png","96.1","generic"
"GroupBuild-website","Screenshot 2025-09-14 210717.png","GroupBuild-website\friendly-proposal\discord-screens\Screenshot 2025-09-14 210717.png","78.4","generic"
"GroupBuild-website","Screenshot 2025-09-14 210726.png","GroupBuild-website\friendly-proposal\discord-screens\Screenshot 2025-09-14 210726.png","134.4","generic"
"GroupBuild-website","Screenshot 2025-09-14 210735.png","GroupBuild-website\friendly-proposal\discord-screens\Screenshot 2025-09-14 210735.png","41.7","generic"
"GroupBuild-website","Screenshot 2025-09-14 210743.png","GroupBuild-website\friendly-proposal\discord-screens\Screenshot 2025-09-14 210743.png","40.5","generic"
"GroupBuild-website","Screenshot 2025-09-14 210751.png","GroupBuild-website\friendly-proposal\discord-screens\Screenshot 2025-09-14 210751.png","99.3","generic"
"GroupBuild-website","Screenshot 2025-09-14 210758.png","GroupBuild-website\friendly-proposal\discord-screens\Screenshot 2025-09-14 210758.png","84.7","generic"
"GroupBuild-website","Screenshot 2025-09-14 210805.png","GroupBuild-website\friendly-proposal\discord-screens\Screenshot 2025-09-14 210805.png","127.1","generic"
"GroupBuild-website","Screenshot 2025-09-14 210813.png","GroupBuild-website\friendly-proposal\discord-screens\Screenshot 2025-09-14 210813.png","32.7","generic"
"GroupBuild-website","Screenshot 2025-09-14 210821.png","GroupBuild-website\friendly-proposal\discord-screens\Screenshot 2025-09-14 210821.png","107.7","generic"
"GroupBuild-website","favicon.ico","GroupBuild-website\assets\favicons\favicon.ico","0","name-match"
"InSeed","CatEye.ico","InSeed\assets\icons\CatEye.ico","179.5","folder-match"
"InSeed","CatFace.ico","InSeed\assets\icons\CatFace.ico","361.4","folder-match"
"InSeed","CatPaw.ico","InSeed\assets\icons\CatPaw.ico","248.1","folder-match"
"InSeed","GreenBook.ico","InSeed\assets\icons\GreenBook.ico","112.9","folder-match"
"InSeed","GroupBuild_Torsos.ico","InSeed\assets\icons\GroupBuild_Torsos.ico","171","folder-match"
"InSeed","Hands_Raised.ico","InSeed\assets\icons\Hands_Raised.ico","116.3","folder-match"
"InSeed","map-inseed.png","InSeed\assets\brand\map-inseed.png","580.4","folder-match"
"InSeed","map-thumb.svg","InSeed\assets\brand\map-thumb.svg","0.5","folder-match"
"InSeed","Scroll.ico","InSeed\assets\icons\Scroll.ico","66.1","folder-match"
"InSeed","020_partner-ecosystem__intro-to-deal.svg","InSeed\assets\diagrams\020_partner-ecosystem__intro-to-deal.svg","45.7","generic"
"InSeed","030_content-loop__weekly-cycle.svg","InSeed\assets\diagrams\030_content-loop__weekly-cycle.svg","85.2","generic"
"InSeed","040_cosuite-architecture__high-level.svg","InSeed\assets\diagrams\040_cosuite-architecture__high-level.svg","189.1","generic"
"InSeed","099_inseed-timeline.svg","InSeed\assets\diagrams\099_inseed-timeline.svg","2.5","generic"
"InSeed","diagram-about-timeline.svg","InSeed\assets\diagram-about-timeline.svg","2.6","generic"
"InSeed","diagram-coflow.svg","InSeed\assets\diagram-coflow.svg","3","generic"
"InSeed","diagram-legacy-vs-steward.svg","InSeed\assets\diagram-legacy-vs-steward.svg","1.7","generic"
"InSeed","diagram-make-vs-buy.svg","InSeed\assets\diagram-make-vs-buy.svg","2.5","generic"
"InSeed","diagram-placeholder.svg","InSeed\assets\diagram-placeholder.svg","1.7","generic"
"InSeed","diagram-runway.svg","InSeed\assets\diagram-runway.svg","2.6","generic"
"InSeed","diagram-scoreboard.svg","InSeed\assets\diagram-scoreboard.svg","3.4","generic"
"InSeed","diagram-steward-loop.svg","InSeed\assets\diagram-steward-loop.svg","2.7","generic"
"InSeed","diagram-tos-ai.svg","InSeed\assets\diagram-tos-ai.svg","2.4","generic"
"InSeed","dog-racehorse-hero.svg","InSeed\assets\diagrams\dog-racehorse-hero.svg","1.1","generic"
"InSeed","hero.png","InSeed\assets\hero.png","2500.4","generic"
"InSeed","InSeed_Hero.png","InSeed\assets\InSeed_Hero.png","3414.4","generic"
"InSeed","Legacy-CEO-vs-CEOS.svg","InSeed\assets\diagrams\Legacy-CEO-vs-CEOS.svg","403.5","generic"
"InSeed","legacy-vs-steward-hero.png","InSeed\assets\legacy-vs-steward-hero.png","2374.4","generic"
"InSeed","Map_Toronto_NY.png","InSeed\assets\maps\Map_Toronto_NY.png","3443.5","generic"
"InSeed","map-placeholder.png","InSeed\assets\map-placeholder.png","0","generic"
"InSeed","map-placeholder.svg","InSeed\assets\map-placeholder.svg","0.4","generic"
"InSeed","og-inseed-v4.png","InSeed\assets\diagrams\og-inseed-v4.png","0.1","generic"
"InSeed","og-inseed-v4.svg","InSeed\assets\diagrams\og-inseed-v4.svg","0.6","generic"
"InSeed","og.svg","InSeed\assets\og\og.svg","0.5","generic"
"InSeed","services-flow.svg","InSeed\assets\diagrams\services-flow.svg","1.5","generic"
"InSeed","apple-touch-icon.png","InSeed\assets\apple-touch-icon.png","7.2","name-match"
"InSeed","EntMent_Logo_Dark.ico","InSeed\assets\icons\EntMent_Logo_Dark.ico","72.9","name-match"
"InSeed","EntMent_Logo.ico","InSeed\assets\icons\EntMent_Logo.ico","19.4","name-match"
"InSeed","favicon-16.png","InSeed\assets\favicon-16.png","0.4","name-match"
"InSeed","favicon-192.png","InSeed\assets\icons\favicon-192.png","0","name-match"
"InSeed","favicon-32.png","InSeed\assets\favicon-32.png","1","name-match"
"InSeed","favicon-48.png","InSeed\assets\icons\favicon-48.png","0","name-match"
"InSeed","favicon-512.png","InSeed\assets\icons\favicon-512.png","0","name-match"
"InSeed","favicon.ico","InSeed\assets\favicon.ico","0","name-match"
"InSeed","favicon.ico","InSeed\assets\favicons\favicon.ico","0","name-match"
"InSeed","favicon.svg","InSeed\favicon.svg","0.2","name-match"
"InSeed","GroupBuild_Logo.ico","InSeed\assets\icons\GroupBuild_Logo.ico","123.4","name-match"
"InSeed","inseed-logo-128.png","InSeed\assets\inseed-logo-128.png","4.7","name-match"
"InSeed","inseed-logo-256.png","InSeed\assets\inseed-logo-256.png","13.4","name-match"
"InSeed","inseed-logo-512.png","InSeed\assets\inseed-logo-512.png","45.6","name-match"
"InSeed","inseed-logo-64.png","InSeed\assets\inseed-logo-64.png","2.1","name-match"
"InSeed","inseed-logo-micro.svg","InSeed\assets\inseed-logo-micro.svg","362.3","name-match"
"InSeed","inseed-logo-white.svg","InSeed\assets\inseed-logo-white.svg","362.3","name-match"
"InSeed","inseed-logo.png","InSeed\assets\brand\inseed-logo.png","6.8","name-match"
"InSeed","logo-nav.png","InSeed\assets\icons\logo-nav.png","6.8","name-match"
"InSeed","RickPublic_Logo_on_Clear.ico","InSeed\assets\icons\RickPublic_Logo_on_Clear.ico","100.7","name-match"
"InSeed","RickPublic_Logo_on_White.ico","InSeed\assets\icons\RickPublic_Logo_on_White.ico","264.1","name-match"
"Opename","opename-192.png","Opename\assets\opename-192.png","26.1","generic"
"Opename","opename-512.png","Opename\assets\opename-512.png","131","generic"
"Opename","apple-touch-icon.png","Opename\assets\apple-touch-icon.png","7.4","name-match"
"Opename","favicon-16.png","Opename\assets\favicon-16.png","0.4","name-match"
"Opename","favicon-32.png","Opename\assets\favicon-32.png","1","name-match"
"Opename","favicon.ico","Opename\assets\favicon.ico","2.6","name-match"
"rickballard","persona-builder.svg","rickballard\icons\persona-builder.svg","0.5","folder-match"
"rickballard","persona-designer.svg","rickballard\icons\persona-designer.svg","0.5","folder-match"
"rickballard","persona-educator.svg","rickballard\icons\persona-educator.svg","0.3","folder-match"
"rickballard","persona-governance.svg","rickballard\icons\persona-governance.svg","0.5","folder-match"
"rickballard","persona-metrics.svg","rickballard\icons\persona-metrics.svg","0.5","folder-match"
"rickballard","persona-steward.svg","rickballard\icons\persona-steward.svg","0.3","folder-match"
"rickballard","persona-storyteller.svg","rickballard\icons\persona-storyteller.svg","0.5","folder-match"
"rickballard","future-harmony-robot-child.png","rickballard\images\future-harmony-robot-child.png","1719.6","generic"
"RickPublic","halo-amber.png","RickPublic\assets\icons\CoCivium\png\halo-amber.png","61.5","folder-match"
"RickPublic","halo-amber.svg","RickPublic\assets\icons\CoCivium\halo-amber.svg","0.5","folder-match"
"RickPublic","halo-black.png","RickPublic\assets\icons\CoCivium\png\halo-black.png","9.6","folder-match"
"RickPublic","halo-black.svg","RickPublic\assets\icons\CoCivium\halo-black.svg","0.5","folder-match"
"RickPublic","halo-green.png","RickPublic\assets\icons\CoCivium\png\halo-green.png","72.2","folder-match"
"RickPublic","halo-green.svg","RickPublic\assets\icons\CoCivium\halo-green.svg","0.5","folder-match"
"RickPublic","halo-grey.png","RickPublic\assets\icons\CoCivium\png\halo-grey.png","38.3","folder-match"
"RickPublic","halo-grey.svg","RickPublic\assets\icons\CoCivium\halo-grey.svg","0.5","folder-match"
"RickPublic","halo-red.png","RickPublic\assets\icons\CoCivium\png\halo-red.png","61.7","folder-match"
"RickPublic","halo-red.svg","RickPublic\assets\icons\CoCivium\halo-red.svg","0.5","folder-match"
"RickPublic","halo-white.png","RickPublic\assets\icons\CoCivium\png\halo-white.png","11.2","folder-match"
"RickPublic","halo-white.svg","RickPublic\assets\icons\CoCivium\halo-white.svg","0.5","folder-match"
"RickPublic","bcg.png","RickPublic\infographics\matrices\bcg.png","174.4","generic"
"RickPublic","RickPublic_Logo_Black_On_Transparent.png","RickPublic\assets\branding\RickPublic_Logo_Black_On_Transparent.png","22.4","name-match"
"RickPublic","RickPublic_Logo_Black_On_White.jpg","RickPublic\assets\branding\RickPublic_Logo_Black_On_White.jpg","14.4","name-match"
"RickPublic","RickPublic_Logo_White_On_Transparent.png","RickPublic\assets\branding\RickPublic_Logo_White_On_Transparent.png","21.4","name-match"
